"","countrynum","statenum","route","routename","active","latitude","longitude","stratum","bcr","routetypeid","routetypedetailid","regionname"
"1",124,4,9,"BUFFALO HILL",1,50.60147,-113.02852,38,11,1,1,"Alberta"
"2",124,4,20,"HALKIRK",1,52.17208,-112.33861,37,11,1,1,"Alberta"
"3",124,4,28,"LINDBROOK",1,53.33769,-112.78208,30,11,1,1,"Alberta"
"4",124,4,29,"CALAHOO",1,53.68701,-113.88548,30,11,1,1,"Alberta"
"5",124,4,40,"THUNDER LAKE",1,54.12038,-114.71491,29,6,1,1,"Alberta"
"6",124,11,45,"WILLIAMS LK",1,52.14952,-122.06768,63,10,1,1,"British Columbia"
"7",124,11,208,"SUMMERLAND",1,49.59762,-119.72963,64,9,1,1,"British Columbia"
"8",124,11,255,"PRINCE GEORGE",1,53.9421,-122.8157,63,10,1,1,"British Columbia"
"9",124,11,413,"NANAIMO RIV",1,49.19418,-124.09906,94,5,1,1,"British Columbia"
"10",124,43,7,"INGRAHAM",1,62.52539,-114.18089,25,7,1,1,"Northwest Territories"
"11",124,45,2,"DUFRESNE",1,49.72673,-96.72108,30,11,1,1,"Manitoba"
"12",124,45,7,"MATHER",1,49.04413,-99.21111,37,11,1,1,"Manitoba"
"13",124,56,26,"RED BANK",1,46.95989,-65.79167,28,14,1,1,"New Brunswick"
"14",124,56,34,"MCADAM",1,45.57721,-67.34539,28,14,1,1,"New Brunswick"
"15",124,56,41,"HAMPTON",1,45.63438,-65.79995,28,14,1,1,"New Brunswick"
"16",124,65,21,"N KINGSTON",1,45.10326,-64.68647,28,14,1,1,"Nova Scotia"
"17",124,65,29,"GASPEREAU LAKE",0,44.73024,-64.61365,28,14,1,1,"Nova Scotia"
"18",124,68,7,"STRATFORD",1,43.09018,-80.85084,16,13,1,1,"Ontario"
"19",124,68,11,"KEMPTVILLE",1,44.94773,-75.58905,18,13,1,1,"Ontario"
"20",124,68,14,"PICTON",1,44.0782,-77.37166,18,13,1,1,"Ontario"
"21",124,68,15,"ROBLIN",1,44.35414,-77.00984,18,13,1,1,"Ontario"
"22",124,68,22,"PAISLEY",1,44.3202,-81.23315,18,13,1,1,"Ontario"
"23",124,68,26,"BARRY'S BAY",1,45.50222,-77.74688,28,12,1,1,"Ontario"
"24",124,68,37,"MANITOWANING",1,45.78934,-81.73699,28,13,1,1,"Ontario"
"25",124,68,66,"STRATTON",1,48.67914,-94.16309,28,12,1,1,"Ontario"
"26",124,68,83,"MAYHEW",1,45.47674,-76.62126,18,12,1,1,"Ontario"
"27",124,68,113,"GLEN TAY",1,44.845,-76.36333,18,13,1,1,"Ontario"
"28",124,68,119,"WILFRID",1,44.33161,-79.18377,18,13,1,1,"Ontario"
"29",124,76,1,"EARDLEY",1,45.55411,-76.11098,18,12,1,1,"Quebec"
"30",124,76,5,"VERCHÈRES",1,45.72505,-73.40518,18,13,1,1,"Quebec"
"31",124,76,19,"ST CELESTIN",1,46.16008,-72.39422,18,13,1,1,"Quebec"
"32",124,76,22,"ST-MÉTHODE",1,46.04703,-71.07816,28,14,1,1,"Quebec"
"33",124,76,39,"ST URBAIN",1,47.6483,-70.62082,29,12,1,1,"Quebec"
"34",124,76,60,"STE RITA",1,47.94668,-68.91577,28,14,1,1,"Quebec"
"35",124,76,61,"SAINTE PAULA",1,48.56846,-67.6717,28,14,1,1,"Quebec"
"36",124,79,33,"BIGGAR",1,52.23764,-107.97894,30,11,1,1,"Saskatchewan"
"37",840,2,7,"SWAIM",1,34.8680404,-86.2030371,14,24,1,1,"ALABAMA"
"38",840,2,12,"SUNNY EVE",1,33.6076572,-85.7511714,13,28,1,1,"ALABAMA"
"39",840,2,14,"SMYER LAKE",1,33.4549551,-86.6010915,13,28,1,1,"ALABAMA"
"40",840,2,16,"HOWARD",1,33.8481773,-87.5888357,13,27,1,1,"ALABAMA"
"41",840,2,19,"LIBERTY",1,33.4765537,-88.1712189,4,27,1,1,"ALABAMA"
"42",840,2,22,"HARRELL",1,32.442715,-87.2158334,4,27,1,1,"ALABAMA"
"43",840,2,24,"SPRAGUE",1,32.1312407,-86.2754989,4,27,1,1,"ALABAMA"
"44",840,2,35,"MCLELLAN",1,30.9977072,-86.8858316,4,27,1,1,"ALABAMA"
"45",840,2,43,"BLOCTON",1,33.1156047,-87.1007539,13,27,1,1,"ALABAMA"
"46",840,2,45,"WHITEHOUSE",1,34.1311637,-87.7621469,4,27,1,1,"ALABAMA"
"47",840,2,47,"JENA",1,33.1379607,-87.8205274,4,27,1,1,"ALABAMA"
"48",840,2,50,"WHITEHALL",1,32.3276808,-86.7118894,4,27,1,1,"ALABAMA"
"49",840,3,41,"L SALCHA",1,64.5464143,-146.9948586,25,4,1,1,"ALASKA"
"50",840,3,131,"CHINIAK",1,57.5333333,-152.45,96,2,1,1,"ALASKA"
"51",840,3,224,"ZIMOVIA STRT",1,56.4599307,-132.3798899,94,5,1,1,"ALASKA"
"52",840,3,231,"Kodiak 2",1,57.8128265,-152.6177,96,2,1,1,"ALASKA"
"53",840,3,318,"SEVEN LAKES",1,60.5259627,-150.5656383,96,4,1,1,"ALASKA"
"54",840,6,28,"POMERENE",1,32.0343407,-110.3031159,81,34,1,1,"ARIZONA"
"55",840,6,32,"PATAGONIA",1,31.5175977,-110.7949529,81,34,1,1,"ARIZONA"
"56",840,6,122,"CARR MTN",1,33.5656117,-110.9464649,81,34,1,1,"ARIZONA"
"57",840,7,5,"STAMPS",1,33.3755757,-93.4706879,4,25,1,1,"ARKANSAS"
"58",840,7,8,"HUGHES",1,34.9269397,-90.5065699,5,26,1,1,"ARKANSAS"
"59",840,7,10,"SOUTH BEND",1,34.0487397,-91.4995419,5,26,1,1,"ARKANSAS"
"60",840,7,13,"HOLLYWOOD",1,34.0344927,-93.2513959,4,25,1,1,"ARKANSAS"
"61",840,7,19,"SAFFELL",1,35.9114603,-91.3426352,19,26,1,1,"ARKANSAS"
"62",840,7,20,"RUPERT",1,35.6330837,-92.7182699,19,24,1,1,"ARKANSAS"
"63",840,7,22,"COAL HILL",1,35.4263985,-93.6640897,19,25,1,1,"ARKANSAS"
"64",840,7,24,"MASSARD",1,35.3514159,-94.3318236,19,25,1,1,"ARKANSAS"
"65",840,7,28,"COMPTON",1,36.1206137,-93.2802279,19,24,1,1,"ARKANSAS"
"66",840,14,3,"NUBIEBER",1,41.1014068,-121.2571315,85,9,1,1,"CALIFORNIA"
"67",840,14,7,"RED BLUFF",1,40.3520163,-122.3059647,92,32,1,1,"CALIFORNIA"
"68",840,14,21,"HUGHSON",1,37.5947824,-120.860951,91,32,1,1,"CALIFORNIA"
"69",840,14,71,"POINT REYES",1,38.0453507,-122.8668979,93,32,1,1,"CALIFORNIA"
"70",840,14,78,"JOHNSVILLE",1,39.7846537,-120.6326679,66,15,1,1,"CALIFORNIA"
"71",840,14,79,"COHASSET",1,39.9935292,-121.704424,92,32,1,1,"CALIFORNIA"
"72",840,14,88,"COTTONWOOD",1,33.6738577,-115.8016279,82,33,1,1,"CALIFORNIA"
"73",840,14,98,"FOLSOM",1,38.7202247,-121.0356899,92,32,1,1,"CALIFORNIA"
"74",840,14,137,"JACUMBA",1,32.6119997,-116.2002339,90,32,1,1,"CALIFORNIA"
"75",840,14,139,"GREENWATER V",1,36.0509851,-116.5004177,80,33,1,1,"CALIFORNIA"
"76",840,14,151,"LIKELY",1,41.2351468,-120.3368295,85,9,1,1,"CALIFORNIA"
"77",840,14,153,"GOLD HILL",1,38.7687607,-120.9253159,92,32,1,1,"CALIFORNIA"
"78",840,14,155,"WESTLEY",1,37.5141365,-121.1597352,91,32,1,1,"CALIFORNIA"
"79",840,14,161,"TEHAMA",1,40.3357087,-121.9157259,92,32,1,1,"CALIFORNIA"
"80",840,14,173,"LOCKWOOD",1,35.9222607,-121.0644229,92,32,1,1,"CALIFORNIA"
"81",840,14,186,"MARK WEST",1,38.5498734,-122.719303,92,32,1,1,"CALIFORNIA"
"82",840,14,198,"YREKA",1,41.7401687,-122.6334149,85,5,1,1,"CALIFORNIA"
"83",840,14,199,"BARTLE",1,41.2528113,-121.8238479,85,9,1,1,"CALIFORNIA"
"84",840,14,201,"HAT CREEK",1,40.8188497,-121.5700369,66,15,1,1,"CALIFORNIA"
"85",840,17,1,"MAYBELL",1,40.7402199,-108.0883263,86,10,1,1,"COLORADO"
"86",840,17,2,"GREAT DIVIDE",1,40.8403233,-107.6901017,86,10,1,1,"COLORADO"
"87",840,17,4,"HARMONY",1,40.5090827,-105.0392299,87,16,1,1,"COLORADO"
"88",840,17,6,"PINNEO",1,40.2096396,-103.440258,36,18,1,1,"COLORADO"
"89",840,17,11,"CHEESMAN LK",1,39.2209796,-105.2791994,62,16,1,1,"COLORADO"
"90",840,17,14,"ABARR",1,39.8307687,-102.6325909,36,18,1,1,"COLORADO"
"91",840,17,31,"WRAY GULCH",1,40.0653006,-108.4153871,84,16,1,1,"COLORADO"
"92",840,17,35,"HUDSON",1,40.3052417,-104.6963429,36,18,1,1,"COLORADO"
"93",840,17,37,"WAVERLY",1,40.2631147,-102.7182079,36,18,1,1,"COLORADO"
"94",840,17,41,"TARRYALL",1,39.0800627,-105.4160009,62,16,1,1,"COLORADO"
"95",840,18,7,"WILLIMANTIC",1,41.7771877,-72.1354049,12,30,1,1,"CONNECTICUT"
"96",840,18,8,"NO WOODBURY",1,41.5493443,-73.2167392,12,30,1,1,"CONNECTICUT"
"97",840,18,9,"SHERMAN",1,41.5387127,-73.5009399,12,30,1,1,"CONNECTICUT"
"98",840,18,14,"MID HADDAM",1,41.5651229,-72.5906625,12,30,1,1,"CONNECTICUT"
"99",840,18,116,"GRANBY",1,41.8805267,-72.9557559,12,30,1,1,"CONNECTICUT"
"100",840,25,10,"COVINGTON",1,30.2734632,-83.8569684,3,27,1,1,"FLORIDA"
"101",840,25,15,"FT GADSDEN",1,29.9877641,-84.9762879,3,27,1,1,"FLORIDA"
"102",840,25,22,"POLK CITY",1,28.1788407,-81.8605659,2,31,1,1,"FLORIDA"
"103",840,25,27,"FT LONESOME",1,27.6610372,-82.1462286,2,31,1,1,"FLORIDA"
"104",840,25,53,"DEFUNIAK SPR",1,30.7184797,-86.1160696,3,27,1,1,"FLORIDA"
"105",840,25,54,"BETTS",1,30.5335474,-85.2426415,3,27,1,1,"FLORIDA"
"106",840,25,55,"MILLER XRDS",1,30.9498107,-85.7419899,4,27,1,1,"FLORIDA"
"107",840,25,56,"HIXTOWN SWMP",1,30.2929508,-83.6676053,3,27,1,1,"FLORIDA"
"108",840,25,57,"BLOXHAM",1,30.387698,-84.6639032,3,27,1,1,"FLORIDA"
"109",840,25,61,"PINETTA",1,30.5193097,-83.2158819,3,27,1,1,"FLORIDA"
"110",840,25,62,"ALLIGATOR PT",1,29.9468226,-84.340943,3,27,1,1,"FLORIDA"
"111",840,25,67,"PENNYWASH CR",1,28.1011187,-80.8980039,2,31,1,1,"FLORIDA"
"112",840,25,81,"DEVILS GARDN",1,26.5587549,-81.126711,2,31,1,1,"FLORIDA"
"113",840,25,85,"ARIPEKA",1,28.2764097,-82.6352619,2,31,1,1,"FLORIDA"
"114",840,25,87,"WEAVER STN",1,25.9322682,-81.6570333,1,31,1,1,"FLORIDA"
"115",840,27,1,"HARRIETTS BL",1,30.8733817,-81.5755079,3,27,1,1,"GEORGIA"
"116",840,27,28,"HENDERSON",1,32.3776397,-83.7887419,4,27,1,1,"GEORGIA"
"117",840,27,32,"GROVETOWN",1,33.4876538,-82.1997128,11,29,1,1,"GEORGIA"
"118",840,27,33,"LACROSS",1,32.1823297,-84.2682799,4,27,1,1,"GEORGIA"
"119",840,27,36,"BOWDON",1,33.5381995,-85.2533567,11,29,1,1,"GEORGIA"
"120",840,27,38,"TAZEWELL",1,32.3152912,-84.5636584,4,27,1,1,"GEORGIA"
"121",840,27,46,"JULIETTE",1,33.1053145,-83.8122125,11,29,1,1,"GEORGIA"
"122",840,27,50,"RENTZ",1,32.1747043,-82.9529801,4,27,1,1,"GEORGIA"
"123",840,27,52,"PITTS",1,31.9142657,-83.5531469,4,27,1,1,"GEORGIA"
"124",840,27,53,"WORKMORE",1,31.9354092,-82.9391858,4,27,1,1,"GEORGIA"
"125",840,27,57,"BOSTON",1,30.6653217,-83.80112,4,27,1,1,"GEORGIA"
"126",840,27,155,"COFFEE CO",1,31.4577244,-82.8023609,4,27,1,1,"GEORGIA"
"127",840,33,14,"LEADORE",1,44.722359,-113.5203605,65,9,1,1,"IDAHO"
"128",840,33,20,"CRATERS",1,43.4619319,-113.5630006,89,9,1,1,"IDAHO"
"129",840,33,21,"SPRINGFIELD",1,43.1104288,-112.7317982,89,9,1,1,"IDAHO"
"130",840,33,25,"MAGIC MTN",1,42.3311564,-114.2794532,88,9,1,1,"IDAHO"
"131",840,33,27,"POCATELLO",1,42.8548166,-112.519388,88,9,1,1,"IDAHO"
"132",840,33,128,"BLACKFT RES",1,42.9613154,-111.7185508,89,9,1,1,"IDAHO"
"133",840,33,226,"ALMO",1,42.2100017,-113.8402099,88,9,1,1,"IDAHO"
"134",840,33,227,"DANIELS RES",1,42.4988307,-112.3918149,88,9,1,1,"IDAHO"
"135",840,34,1,"GUILFORD",1,42.2101956,-90.0603721,17,23,1,1,"ILLINOIS"
"136",840,34,2,"MILL CREEK",1,42.1593177,-89.3321502,32,22,1,1,"ILLINOIS"
"137",840,34,3,"HOLCOMB",1,42.0711057,-89.0756312,32,22,1,1,"ILLINOIS"
"138",840,34,6,"ITASCA",1,42.0160676,-87.908702,16,22,1,1,"ILLINOIS"
"139",840,34,9,"PUTNAM",1,41.1849333,-89.4568609,32,22,1,1,"ILLINOIS"
"140",840,34,10,"SHEFFIELD",1,41.3504896,-89.7704347,32,22,1,1,"ILLINOIS"
"141",840,34,13,"STREATOR",1,41.0834818,-88.8325718,31,22,1,1,"ILLINOIS"
"142",840,34,15,"ESSEX",1,41.1663407,-88.1852819,31,22,1,1,"ILLINOIS"
"143",840,34,16,"NEWARK",1,41.530722,-88.5743214,31,22,1,1,"ILLINOIS"
"144",840,34,17,"SHERBURNVILL",1,41.2187664,-87.5816027,16,22,1,1,"ILLINOIS"
"145",840,34,20,"STILLWELL",1,40.2137205,-91.1829978,31,22,1,1,"ILLINOIS"
"146",840,34,23,"WILLIAMSFLD",1,40.9170762,-90.0331516,32,22,1,1,"ILLINOIS"
"147",840,34,25,"BARTONVILLE",1,40.6004653,-89.6657014,31,22,1,1,"ILLINOIS"
"148",840,34,29,"MINONK",1,40.9275498,-88.95069,31,22,1,1,"ILLINOIS"
"149",840,34,30,"MONTICELLO",1,40.0787817,-88.5584799,31,22,1,1,"ILLINOIS"
"150",840,34,31,"FAIRBURY",1,40.7143846,-88.5637682,31,22,1,1,"ILLINOIS"
"151",840,34,32,"PONTIAC",1,40.8985328,-88.6754284,31,22,1,1,"ILLINOIS"
"152",840,34,40,"PAWNEE",1,39.5753678,-89.5158088,31,22,1,1,"ILLINOIS"
"153",840,34,41,"CLARKSDALE",1,39.4800841,-89.2690071,31,22,1,1,"ILLINOIS"
"154",840,34,42,"ROSAMOND",1,39.3998674,-89.2049844,31,22,1,1,"ILLINOIS"
"155",840,34,44,"FAIRLAND",1,39.8947071,-88.103613,31,22,1,1,"ILLINOIS"
"156",840,34,46,"BRADBURY",1,39.3149204,-88.195176,31,22,1,1,"ILLINOIS"
"157",840,34,47,"HUMBOLDT",1,39.6153298,-88.3865649,31,22,1,1,"ILLINOIS"
"158",840,34,59,"PULASKI",1,37.2325914,-89.2352685,14,24,1,1,"ILLINOIS"
"159",840,34,60,"BREMEN",1,37.9708433,-89.7475091,14,24,1,1,"ILLINOIS"
"160",840,34,61,"BELKNAP",1,37.3198861,-88.9437782,14,24,1,1,"ILLINOIS"
"161",840,34,63,"BEAVERDAM LK",1,37.0730417,-88.5193033,14,24,1,1,"ILLINOIS"
"162",840,35,2,"HEBRON",1,41.3297597,-87.2001879,16,22,1,1,"INDIANA"
"163",840,35,5,"KEWANNA",1,41.0254887,-86.2808379,16,23,1,1,"INDIANA"
"164",840,35,10,"FOWLER",1,40.6790779,-87.3633993,31,22,1,1,"INDIANA"
"165",840,35,11,"W LAFAYETTE",1,40.4076491,-87.0361216,31,22,1,1,"INDIANA"
"166",840,35,13,"GALVESTON",1,40.5842651,-86.1842198,31,22,1,1,"INDIANA"
"167",840,35,14,"THORNTOWN",1,40.1495187,-86.6959256,31,22,1,1,"INDIANA"
"168",840,35,16,"MIDDLETOWN",1,40.0330447,-85.5449749,31,22,1,1,"INDIANA"
"169",840,35,21,"PIMENTO",1,39.3319867,-87.3743359,15,24,1,1,"INDIANA"
"170",840,35,22,"BRAZIL",1,39.5330205,-87.1438756,15,24,1,1,"INDIANA"
"171",840,35,27,"AZALIA",1,39.0836543,-85.9287299,15,24,1,1,"INDIANA"
"172",840,35,28,"SEXTON",1,39.6847217,-85.4688349,31,22,1,1,"INDIANA"
"173",840,35,32,"WASHINGTON",1,38.6841567,-87.1287007,15,24,1,1,"INDIANA"
"174",840,35,35,"INDIAN SPGS",1,38.7744667,-86.7647789,14,24,1,1,"INDIANA"
"175",840,35,39,"CORYDON",1,38.2672943,-86.1463592,14,24,1,1,"INDIANA"
"176",840,36,2,"EXLINE",1,40.6527332,-92.8864804,32,22,1,1,"IOWA"
"177",840,36,6,"BRYANT",1,41.9751747,-90.2964159,32,22,1,1,"IOWA"
"178",840,36,13,"PANTHER",1,41.6586017,-94.1444549,40,11,1,1,"IOWA"
"179",840,36,22,"KANAWHA",1,42.9663334,-93.8524963,40,11,1,1,"IOWA"
"180",840,36,24,"SCRANTON",1,42.041859,-94.571273,40,11,1,1,"IOWA"
"181",840,36,28,"SIOUX CITY",1,42.4902437,-96.3743819,32,22,1,1,"IOWA"
"182",840,36,32,"TITONKA",1,43.2388517,-94.0095139,40,11,1,1,"IOWA"
"183",840,38,8,"ST JOHN",1,37.9271847,-98.8303289,34,19,1,1,"KANSAS"
"184",840,38,12,"LAKIN",1,37.9589257,-101.4316489,36,18,1,1,"KANSAS"
"185",840,38,13,"OLATHE",1,38.8545319,-94.8714265,33,22,1,1,"KANSAS"
"186",840,38,14,"DOVER",1,38.9715017,-95.9097289,33,22,1,1,"KANSAS"
"187",840,38,15,"BARCLAY",1,38.5354618,-95.8576087,33,22,1,1,"KANSAS"
"188",840,38,16,"WREFORD",1,38.9939527,-96.9002609,35,22,1,1,"KANSAS"
"189",840,38,17,"ELLINOR",1,38.3623234,-96.5605733,35,22,1,1,"KANSAS"
"190",840,38,20,"ALBERT",1,38.4636553,-98.9776363,34,19,1,1,"KANSAS"
"191",840,38,26,"GRANTVILLE",1,39.0805438,-95.5671042,32,22,1,1,"KANSAS"
"192",840,38,28,"HANOVER",1,39.9000807,-96.8711409,32,19,1,1,"KANSAS"
"193",840,38,29,"SENECA",1,39.7690906,-96.0269519,32,22,1,1,"KANSAS"
"194",840,38,30,"HOLLENBERG",1,39.9367553,-97.0124144,34,19,1,1,"KANSAS"
"195",840,38,32,"COVERT",1,39.3447742,-98.7508415,34,19,1,1,"KANSAS"
"196",840,38,118,"SOLOMON",1,38.9147327,-97.3687519,33,19,1,1,"KANSAS"
"197",840,39,2,"LOVELACEVILE",1,36.9068375,-88.8622638,4,27,1,1,"KENTUCKY"
"198",840,39,3,"SHILOH",1,36.6896267,-88.1808759,4,27,1,1,"KENTUCKY"
"199",840,39,4,"CANTON",1,36.792622,-87.9605863,14,24,1,1,"KENTUCKY"
"200",840,39,21,"KINGS MTN",1,37.390468,-84.6612332,14,24,1,1,"KENTUCKY"
"201",840,39,25,"MERRIMAC",1,37.4126457,-85.1284099,14,24,1,1,"KENTUCKY"
"202",840,39,44,"EAST UNION",1,38.2051493,-83.9295763,15,24,1,1,"KENTUCKY"
"203",840,42,9,"ROSELAND",1,30.7018587,-90.5110779,4,26,1,1,"LOUISIANA"
"204",840,42,10,"BICKHAM",1,30.8801251,-90.2491541,4,27,1,1,"LOUISIANA"
"205",840,44,3,"BIDDEFORD",1,43.4994247,-70.5150099,12,14,1,1,"MAINE"
"206",840,44,6,"WILSON MILLS",1,44.9258167,-70.9579919,28,14,1,1,"MAINE"
"207",840,44,7,"BETHEL",1,44.6261727,-70.9614079,28,14,1,1,"MAINE"
"208",840,44,13,"HARTFORD",1,44.3340297,-70.2908259,27,14,1,1,"MAINE"
"209",840,46,3,"VINDEX",1,39.4387843,-79.1698659,24,28,1,1,"MARYLAND"
"210",840,46,4,"OLDTOWN",1,39.5429312,-78.6014791,13,28,1,1,"MARYLAND"
"211",840,46,5,"POTOMAC PARK",1,39.6151476,-78.8123259,13,28,1,1,"MARYLAND"
"212",840,46,6,"WILLIAMSPORT",1,39.6129717,-77.8655019,13,28,1,1,"MARYLAND"
"213",840,46,9,"EMMITSBURG",1,39.7148359,-77.3304347,10,29,1,1,"MARYLAND"
"214",840,46,11,"OLNEY",1,39.1514457,-77.0930269,10,29,1,1,"MARYLAND"
"215",840,46,13,"WARFIELDSBRG",1,39.516536,-77.0384304,10,29,1,1,"MARYLAND"
"216",840,46,14,"PLEASANT VAL",1,39.6423121,-77.0236228,10,29,1,1,"MARYLAND"
"217",840,46,15,"BACHMAN MILL",1,39.6359624,-76.9692792,10,29,1,1,"MARYLAND"
"218",840,46,29,"HUGHESVILLE",1,38.5217447,-76.8406989,4,30,1,1,"MARYLAND"
"219",840,46,30,"POMONKEY",1,38.6021387,-77.0780349,4,30,1,1,"MARYLAND"
"220",840,46,31,"POMFRET",1,38.5960742,-77.0558732,4,30,1,1,"MARYLAND"
"221",840,46,35,"MILLINGTON",1,39.276509,-75.7640082,4,30,1,1,"MARYLAND"
"222",840,46,36,"MELITOTA",1,39.2640947,-76.1481269,4,30,1,1,"MARYLAND"
"223",840,46,37,"PINEY NECK",1,39.10312,-76.192383,4,30,1,1,"MARYLAND"
"224",840,46,39,"MATTHEWS",1,38.8211117,-75.9331139,4,30,1,1,"MARYLAND"
"225",840,46,42,"HONGA",1,38.3676908,-76.2432656,4,30,1,1,"MARYLAND"
"226",840,46,44,"VIENNA",1,38.5203297,-75.7964256,4,30,1,1,"MARYLAND"
"227",840,46,47,"COKESBURY",1,38.1651924,-75.5797027,4,30,1,1,"MARYLAND"
"228",840,46,48,"NEWARK",1,38.2256736,-75.2663372,4,30,1,1,"MARYLAND"
"229",840,46,112,"IJAMSVILLE",1,39.2945828,-77.3066703,10,29,1,1,"MARYLAND"
"230",840,46,123,"DAVIDSNVILLE",1,38.9888945,-76.6695275,4,30,1,1,"MARYLAND"
"231",840,46,149,"BERLIN",1,38.3112181,-75.1181628,4,30,1,1,"MARYLAND"
"232",840,47,9,"LITTLETON",1,42.5199697,-71.5305739,12,30,1,1,"MASSACHUSETTS"
"233",840,47,14,"BELCHERTOWN",1,42.2697823,-72.3589728,12,30,1,1,"MASSACHUSETTS"
"234",840,47,16,"S BARRE",1,42.3839807,-72.0992679,12,30,1,1,"MASSACHUSETTS"
"235",840,47,17,"N ORANGE",1,42.6138086,-72.2798896,27,14,1,1,"MASSACHUSETTS"
"236",840,47,19,"CHESTERFIELD",1,42.3761743,-72.8474923,27,14,1,1,"MASSACHUSETTS"
"237",840,47,112,"HOLDEN",1,42.4447746,-71.8486346,12,30,1,1,"MASSACHUSETTS"
"238",840,49,17,"BEAR LAKE",1,44.4308,-86.1283614,20,12,1,1,"MICHIGAN"
"239",840,49,18,"SCOTTVILLE",1,43.9040607,-86.2186454,20,23,1,1,"MICHIGAN"
"240",840,49,19,"BIG BLUE LK",1,43.4369027,-86.2366709,20,23,1,1,"MICHIGAN"
"241",840,49,22,"NEW TROY",1,41.8738037,-86.5500939,16,23,1,1,"MICHIGAN"
"242",840,49,32,"NASHVILLE",1,42.5960376,-85.134166,16,23,1,1,"MICHIGAN"
"243",840,49,35,"GALESBURG",1,42.2526585,-85.4136135,16,23,1,1,"MICHIGAN"
"244",840,49,38,"REMUS",1,43.5961937,-85.1256579,20,23,1,1,"MICHIGAN"
"245",840,49,39,"MOTTVILLE",1,41.7653686,-85.7505398,16,23,1,1,"MICHIGAN"
"246",840,49,50,"NO BRADLEY",1,43.72725,-84.4869421,20,23,1,1,"MICHIGAN"
"247",840,49,52,"MAPLE RAPIDS",1,43.0899857,-84.6600329,16,23,1,1,"MICHIGAN"
"248",840,50,8,"LAKEVILLE",1,44.6596006,-93.3337301,32,22,1,1,"MINNESOTA"
"249",840,50,15,"PRINCETON",1,45.6049323,-93.8828669,20,23,1,1,"MINNESOTA"
"250",840,50,16,"OSSEO",1,45.1025755,-93.4714512,40,23,1,1,"MINNESOTA"
"251",840,50,25,"BACKUS",1,46.8020456,-94.5135819,20,12,1,1,"MINNESOTA"
"252",840,50,26,"PINE RIVER",1,46.754647,-94.365017,20,12,1,1,"MINNESOTA"
"253",840,50,28,"EVERGREEN",1,46.7456606,-95.4769368,20,23,1,1,"MINNESOTA"
"254",840,50,31,"HOVLAND",1,47.9338065,-89.9767373,28,12,1,1,"MINNESOTA"
"255",840,50,32,"LOCKPORT",1,47.7313654,-90.703063,28,12,1,1,"MINNESOTA"
"256",840,50,33,"SAWBILL LNDG",1,47.7051868,-91.5398453,28,12,1,1,"MINNESOTA"
"257",840,50,35,"FLOODWOOD",1,47.0684835,-92.9862729,28,12,1,1,"MINNESOTA"
"258",840,50,37,"COHASSET",1,47.34027,-93.63994,28,12,1,1,"MINNESOTA"
"259",840,51,25,"ABERDEEN",1,33.8691757,-88.6571809,4,27,1,1,"MISSISSIPPI"
"260",840,51,30,"BENNDALE",1,30.8158367,-88.7684399,3,27,1,1,"MISSISSIPPI"
"261",840,51,119,"NECAISE",1,30.6193407,-89.5109799,3,27,1,1,"MISSISSIPPI"
"262",840,51,229,"LATIMER",1,30.4987757,-88.7992689,3,27,1,1,"MISSISSIPPI"
"263",840,52,7,"CP GIRARDEAU",1,37.3066269,-89.526555,5,26,1,1,"MISSOURI"
"264",840,52,10,"AKERS",1,37.3759607,-91.5529269,19,24,1,1,"MISSOURI"
"265",840,52,11,"WESCO",1,37.9039787,-91.4239279,19,24,1,1,"MISSOURI"
"266",840,52,14,"GRAYDON",1,37.4542087,-93.513291,33,24,1,1,"MISSOURI"
"267",840,52,34,"STICKLERVILL",1,40.0661717,-92.4966959,32,22,1,1,"MISSOURI"
"268",840,52,131,"CAMERON",1,39.7131417,-94.0662299,32,22,1,1,"MISSOURI"
"269",840,53,2,"KALISPELL",1,48.1080187,-114.4619289,65,10,1,1,"MONTANA"
"270",840,53,8,"HARLEM",1,48.3824357,-108.7144099,38,11,1,1,"MONTANA"
"271",840,53,9,"MALTA",1,48.2200197,-107.868382,38,11,1,1,"MONTANA"
"272",840,53,10,"GLASGOW",1,48.2045751,-106.5334326,38,11,1,1,"MONTANA"
"273",840,53,13,"ST REGIS",1,47.2997227,-115.1044549,64,10,1,1,"MONTANA"
"274",840,53,19,"LEROY",1,47.7874097,-109.4150839,39,17,1,1,"MONTANA"
"275",840,53,26,"CLINTON",1,46.7236933,-113.6681583,64,10,1,1,"MONTANA"
"276",840,53,28,"BOULDER",1,46.1235467,-111.9188609,65,10,1,1,"MONTANA"
"277",840,53,36,"SULA",1,45.8507057,-113.9522469,64,10,1,1,"MONTANA"
"278",840,53,39,"CHESTNUT",1,45.5761407,-110.7878949,64,10,1,1,"MONTANA"
"279",840,53,40,"REED POINT",1,45.7251707,-109.5466543,65,17,1,1,"MONTANA"
"280",840,53,46,"BEAVERHEAD",1,44.5869032,-112.025803,65,10,1,1,"MONTANA"
"281",840,53,47,"RED ROCK",1,44.5987327,-111.5237969,65,10,1,1,"MONTANA"
"282",840,54,6,"KENESAW",1,40.6184587,-98.6673129,34,19,1,1,"NEBRASKA"
"283",840,54,12,"GRETNA",0,41.1764063,-96.1391528,32,22,1,1,"NEBRASKA"
"284",840,54,13,"IRVINGTON",1,41.34351,-96.08125,32,22,1,1,"NEBRASKA"
"285",840,54,14,"SURPRISE",1,41.1630727,-97.3498079,34,19,1,1,"NEBRASKA"
"286",840,54,17,"PETERSBURG",1,41.8865107,-98.0363319,34,19,1,1,"NEBRASKA"
"287",840,54,22,"THURSTON",1,42.1915702,-96.7354923,32,22,1,1,"NEBRASKA"
"288",840,54,40,"MURRAY LAKE",1,41.6980247,-103.9868089,36,18,1,1,"NEBRASKA"
"289",840,55,15,"TOIYABE NF",1,39.0044442,-117.4662536,88,9,1,1,"NEVADA"
"290",840,55,45,"NIXON",1,39.9432554,-119.3834746,88,9,1,1,"NEVADA"
"291",840,58,1,"PETERBOROUGH",1,42.9015085,-71.8661202,27,14,1,1,"NEW HAMPSHIRE"
"292",840,58,3,"FITZWILLIAM",1,42.8007764,-72.1685998,27,14,1,1,"NEW HAMPSHIRE"
"293",840,58,4,"DOVER",1,43.2321417,-70.9134599,12,30,1,1,"NEW HAMPSHIRE"
"294",840,58,6,"EPSOM",1,43.1980043,-71.2880123,27,30,1,1,"NEW HAMPSHIRE"
"295",840,58,8,"STRAFFORD",1,43.2499219,-71.1982777,27,30,1,1,"NEW HAMPSHIRE"
"296",840,58,10,"GILMANTN I W",1,43.4146177,-71.204272,27,14,1,1,"NEW HAMPSHIRE"
"297",840,58,11,"WILMOT",1,43.4568165,-71.8805982,27,14,1,1,"NEW HAMPSHIRE"
"298",840,58,13,"WALPOLE",1,43.0263963,-72.3814817,27,14,1,1,"NEW HAMPSHIRE"
"299",840,58,14,"MARLOW",1,43.0768236,-72.2121162,27,14,1,1,"NEW HAMPSHIRE"
"300",840,58,17,"JEFFERSON HL",1,44.3571867,-71.3885019,28,14,1,1,"NEW HAMPSHIRE"
"301",840,58,18,"FRANCONIA",1,44.1798777,-71.7063079,28,14,1,1,"NEW HAMPSHIRE"
"302",840,58,22,"CLARKSVILLE",1,44.9972951,-71.3746691,28,14,1,1,"NEW HAMPSHIRE"
"303",840,59,1,"WOODBURY HGT",1,39.8314157,-75.1462189,4,30,1,1,"NEW JERSEY"
"304",840,59,3,"SIX POINTS",1,39.5314149,-75.1074594,4,30,1,1,"NEW JERSEY"
"305",840,59,19,"KEMAH LAKE",1,41.1181687,-74.7967659,13,28,1,1,"NEW JERSEY"
"306",840,59,20,"BLOOMSBURY",1,40.6572687,-75.0997599,13,28,1,1,"NEW JERSEY"
"307",840,59,21,"HIGH POINT",1,41.3073947,-74.6772749,13,28,1,1,"NEW JERSEY"
"308",840,60,2,"NAGEESI",1,36.1676097,-107.7013619,87,16,1,1,"NEW MEXICO"
"309",840,60,4,"OJO SARCO",1,36.0797837,-105.7975849,62,16,1,1,"NEW MEXICO"
"310",840,60,6,"GRENVILLE",1,36.7278337,-103.5750419,55,18,1,1,"NEW MEXICO"
"311",840,60,9,"LA CIENEGA",1,35.5233697,-106.0592719,87,16,1,1,"NEW MEXICO"
"312",840,60,17,"COOLEY LAKE",1,34.1098564,-104.2297055,55,18,1,1,"NEW MEXICO"
"313",840,60,20,"HORSE MTN",1,33.749487,-107.3217132,84,16,1,1,"NEW MEXICO"
"314",840,60,22,"CARRIZOZO",1,33.6891907,-105.8493706,84,35,1,1,"NEW MEXICO"
"315",840,60,23,"ROSWELL",1,33.0896297,-104.8270959,56,35,1,1,"NEW MEXICO"
"316",840,60,24,"CAPROCK",1,33.3149504,-103.6280881,55,18,1,1,"NEW MEXICO"
"317",840,60,29,"LAKEWOOD",1,32.6557967,-104.3957139,56,35,1,1,"NEW MEXICO"
"318",840,60,31,"RODEO",1,31.9280116,-108.9941583,56,35,1,1,"NEW MEXICO"
"319",840,60,114,"CERRO VERDE",1,34.8699738,-107.2466969,87,16,1,1,"NEW MEXICO"
"320",840,60,126,"LAKE VALLEY",1,32.5335077,-107.4876559,56,35,1,1,"NEW MEXICO"
"321",840,60,130,"SAN SIMON",1,32.4717827,-103.2960129,56,18,1,1,"NEW MEXICO"
"322",840,61,8,"RHINEBECK",1,41.962831,-73.924448,13,13,1,1,"NEW YORK"
"323",840,61,47,"ORLEANS",1,42.904651,-77.118887,16,13,1,1,"NEW YORK"
"324",840,61,53,"HAMBURG",1,42.6805707,-78.8216099,16,13,1,1,"NEW YORK"
"325",840,61,56,"CATTARAUGUS",1,42.2769437,-78.8989789,24,28,1,1,"NEW YORK"
"326",840,61,65,"E YOUNGSTOWN",1,43.2572547,-79.0022969,16,13,1,1,"NEW YORK"
"327",840,61,70,"CICERO CTR",1,43.1693497,-76.0264589,16,13,1,1,"NEW YORK"
"328",840,61,72,"PULASKI",1,43.651181,-76.110868,18,13,1,1,"NEW YORK"
"329",840,61,73,"MCKEEVER",1,43.662991,-75.078218,26,14,1,1,"NEW YORK"
"330",840,61,85,"SPECULATOR",1,43.5654587,-74.3975289,26,14,1,1,"NEW YORK"
"331",840,61,90,"ARGYLE",1,43.217821,-73.409239,13,13,1,1,"NEW YORK"
"332",840,61,121,"DOWNSVILLE",1,42.0781957,-74.9852279,24,28,1,1,"NEW YORK"
"333",840,63,2,"MERRIMON",1,34.95713,-76.65516,3,27,1,1,"NORTH CAROLINA"
"334",840,63,10,"SPEED",1,35.9691437,-77.4434709,3,27,1,1,"NORTH CAROLINA"
"335",840,63,11,"KINSTON",1,35.2819414,-77.7112775,4,27,1,1,"NORTH CAROLINA"
"336",840,63,20,"BREVARD",1,35.2667187,-82.6803659,23,28,1,1,"NORTH CAROLINA"
"337",840,63,24,"ARCOLA",1,36.2540309,-77.9795614,11,29,1,1,"NORTH CAROLINA"
"338",840,63,109,"JAMESVILLE",1,35.6919219,-76.9896438,3,27,1,1,"NORTH CAROLINA"
"339",840,63,126,"EDEN",1,36.3766523,-79.8498737,11,29,1,1,"NORTH CAROLINA"
"340",840,64,4,"EDGELEY",1,46.3406907,-98.6828159,37,11,1,1,"NORTH DAKOTA"
"341",840,64,5,"LAKE GEORGE",1,46.8060287,-99.4688039,38,11,1,1,"NORTH DAKOTA"
"342",840,64,8,"EMERADO",1,47.9619307,-97.4077439,40,11,1,1,"NORTH DAKOTA"
"343",840,64,10,"WIMBLEDON",1,47.1679867,-98.4885929,37,11,1,1,"NORTH DAKOTA"
"344",840,64,11,"HORSEHEAD LK",1,47.0675197,-99.6292032,38,11,1,1,"NORTH DAKOTA"
"345",840,64,23,"CARPIO",1,48.4447167,-101.6472319,37,11,1,1,"NORTH DAKOTA"
"346",840,64,33,"ROOSEVELT PK",1,47.6171277,-103.5450979,39,17,1,1,"NORTH DAKOTA"
"347",840,64,36,"BENTLEY",1,46.1041487,-102.0608219,39,17,1,1,"NORTH DAKOTA"
"348",840,64,37,"GLEN ULLIN",1,46.7758047,-101.9283519,39,17,1,1,"NORTH DAKOTA"
"349",840,64,42,"SHEYENNE LK",1,47.6462687,-100.0542839,37,11,1,1,"NORTH DAKOTA"
"350",840,64,43,"BRADDOCK",1,46.6039277,-100.1056369,39,11,1,1,"NORTH DAKOTA"
"351",840,66,21,"LENOX",1,41.6803821,-80.7420743,24,13,1,1,"OHIO"
"352",840,66,22,"HERNER CRNS",1,41.3710349,-80.9900079,24,13,1,1,"OHIO"
"353",840,66,25,"KALIDA",1,40.9809757,-84.1972889,16,22,1,1,"OHIO"
"354",840,66,35,"NEW DOVER",1,40.246894,-83.2978987,31,22,1,1,"OHIO"
"355",840,66,42,"FULTON",1,40.4600977,-82.7639629,31,22,1,1,"OHIO"
"356",840,66,49,"DRESDEN",1,40.1062833,-81.8999167,22,28,1,1,"OHIO"
"357",840,66,67,"XENIA",1,39.6821707,-83.8036269,31,22,1,1,"OHIO"
"358",840,66,74,"OMEGA",1,39.1527143,-82.9107789,22,28,1,1,"OHIO"
"359",840,66,86,"ROME",1,38.6696358,-83.4163514,15,24,1,1,"OHIO"
"360",840,67,5,"MILL CREEK",1,34.448321,-96.828193,33,21,1,1,"OKLAHOMA"
"361",840,67,11,"BARON",1,35.8426817,-94.8876259,19,24,1,1,"OKLAHOMA"
"362",840,67,15,"BEGGS",1,35.7262277,-96.1218109,33,21,1,1,"OKLAHOMA"
"363",840,67,23,"WELCH",1,36.9173437,-95.1256319,33,22,1,1,"OKLAHOMA"
"364",840,69,6,"ALBEE",1,45.2238277,-118.9095229,65,10,1,1,"OREGON"
"365",840,69,8,"IMNAHA",1,45.72192,-116.7795945,65,9,1,1,"OREGON"
"366",840,69,9,"SALADO",1,44.5508867,-123.8027616,93,5,1,1,"OREGON"
"367",840,69,13,"LOGDELL",1,44.2168556,-119.2408498,65,10,1,1,"OREGON"
"368",840,69,18,"UMPQUA",1,43.3663377,-123.5037309,93,5,1,1,"OREGON"
"369",840,69,19,"WINBERRY",1,43.9074737,-122.5593339,93,5,1,1,"OREGON"
"370",840,69,21,"FANDANGO CAN",1,43.1649665,-120.6637819,89,9,1,1,"OREGON"
"371",840,69,26,"DAYS CREEK",1,42.9708857,-123.2140269,93,5,1,1,"OREGON"
"372",840,69,29,"PAISLEY",1,42.6688651,-120.793358,85,9,1,1,"OREGON"
"373",840,69,35,"JOSEPH",1,45.2809207,-117.2062679,65,9,1,1,"OREGON"
"374",840,69,46,"PENDLETON",1,45.6793737,-118.7501219,89,9,1,1,"OREGON"
"375",840,69,62,"FISH LAKE",1,42.9576667,-118.8677979,89,9,1,1,"OREGON"
"376",840,69,136,"SUMMIT PR",1,44.3417036,-120.5617158,65,10,1,1,"OREGON"
"377",840,72,3,"CLOVER",1,41.0816642,-80.3392441,24,13,1,1,"PENNSYLVANIA"
"378",840,72,6,"WHIG HILL",1,41.5335247,-79.3470999,24,28,1,1,"PENNSYLVANIA"
"379",840,72,8,"TEEPLEVILLE",1,41.7528857,-79.9481349,24,13,1,1,"PENNSYLVANIA"
"380",840,72,25,"ROSECRANS",1,41.0712247,-77.2939995,13,28,1,1,"PENNSYLVANIA"
"381",840,72,29,"MAWR GLEN",1,41.3121387,-76.6638159,24,28,1,1,"PENNSYLVANIA"
"382",840,72,33,"BOW BRIDGE",1,41.9588688,-76.0658601,24,28,1,1,"PENNSYLVANIA"
"383",840,72,34,"MARSH HILL",1,41.4410897,-76.9073399,24,28,1,1,"PENNSYLVANIA"
"384",840,72,35,"WALLER",1,41.2289,-76.4559998,13,28,1,1,"PENNSYLVANIA"
"385",840,72,36,"MILLVILLE",1,41.1152527,-76.4792479,13,28,1,1,"PENNSYLVANIA"
"386",840,72,37,"POCONO SUMMIT",1,41.1159967,-75.3893569,24,28,1,1,"PENNSYLVANIA"
"387",840,72,38,"HOP BOTTOM",1,41.7057127,-75.7927799,24,28,1,1,"PENNSYLVANIA"
"388",840,72,46,"BEAVER",1,40.6944365,-80.3072164,22,28,1,1,"PENNSYLVANIA"
"389",840,72,48,"PLESANT GROV",1,40.0771657,-80.3260179,22,28,1,1,"PENNSYLVANIA"
"390",840,72,49,"PARKWOOD",1,40.6243617,-79.2376019,22,28,1,1,"PENNSYLVANIA"
"391",840,72,50,"KITTANNING",1,40.8479343,-79.5569899,22,28,1,1,"PENNSYLVANIA"
"392",840,72,52,"WAKENA",1,40.4897627,-79.4811859,22,28,1,1,"PENNSYLVANIA"
"393",840,72,54,"SHELOCTA",1,40.6673234,-79.2349941,22,28,1,1,"PENNSYLVANIA"
"394",840,72,56,"MARGARET",1,40.8006168,-79.3662002,22,28,1,1,"PENNSYLVANIA"
"395",840,72,60,"MUNSON",1,40.9149712,-78.0608234,24,28,1,1,"PENNSYLVANIA"
"396",840,72,61,"WILLIAMSBURG",1,40.428119,-78.203532,13,28,1,1,"PENNSYLVANIA"
"397",840,72,63,"BALD EAGLE",1,40.7309987,-78.2178879,13,28,1,1,"PENNSYLVANIA"
"398",840,72,64,"WATERSTREET",1,40.5712157,-78.1386279,13,28,1,1,"PENNSYLVANIA"
"399",840,72,67,"ST COLLEGE",1,40.7666107,-77.8241719,13,28,1,1,"PENNSYLVANIA"
"400",840,72,68,"PERU MILLS",1,40.3760787,-77.6852029,13,28,1,1,"PENNSYLVANIA"
"401",840,72,69,"NAGINEY",1,40.7019007,-77.5415709,13,28,1,1,"PENNSYLVANIA"
"402",840,72,70,"CLEAR SPRING",1,40.0572077,-77.0638289,10,28,1,1,"PENNSYLVANIA"
"403",840,72,71,"PINE GR MILL",1,40.6956947,-77.8942099,13,28,1,1,"PENNSYLVANIA"
"404",840,72,72,"MIFFLINTOWN",1,40.5680517,-77.3969039,13,28,1,1,"PENNSYLVANIA"
"405",840,72,76,"MIDDLETOWN",1,40.2118951,-76.7190419,13,28,1,1,"PENNSYLVANIA"
"406",840,72,83,"HOMETOWN",1,40.7874732,-75.9610008,13,28,1,1,"PENNSYLVANIA"
"407",840,72,84,"COLLEGEVILLE",1,40.168557,-75.4610252,10,29,1,1,"PENNSYLVANIA"
"408",840,72,85,"NEW RINGGOLD",1,40.6899507,-75.9991309,13,28,1,1,"PENNSYLVANIA"
"409",840,72,86,"CLEARFIELD",1,40.8040057,-75.3435909,13,28,1,1,"PENNSYLVANIA"
"410",840,72,90,"GARRETT",1,39.8744757,-79.0688169,24,28,1,1,"PENNSYLVANIA"
"411",840,72,97,"DOE RUN",1,39.9160397,-75.8178319,10,29,1,1,"PENNSYLVANIA"
"412",840,72,132,"ELLENTON",1,41.546735,-76.9628251,24,28,1,1,"PENNSYLVANIA"
"413",840,72,155,"LAUREL HILL",1,40.1983067,-79.2656249,24,28,1,1,"PENNSYLVANIA"
"414",840,72,165,"LANDISBURG",1,40.3267106,-77.3695842,13,28,1,1,"PENNSYLVANIA"
"415",840,72,174,"MOUNT JOY",1,40.1439152,-76.464419,10,29,1,1,"PENNSYLVANIA"
"416",840,72,182,"SCHWENKSVILL",1,40.2282327,-75.6611919,10,29,1,1,"PENNSYLVANIA"
"417",840,72,189,"MILL RUN",1,39.9853173,-79.4174638,24,28,1,1,"PENNSYLVANIA"
"418",840,80,3,"HARDEEVILLE",1,32.2511024,-81.0334581,3,27,1,1,"SOUTH CAROLINA"
"419",840,81,3,"HOWARD",1,43.9499467,-97.4702229,37,11,1,1,"SOUTH DAKOTA"
"420",840,81,10,"VOLGA",1,44.2320836,-96.9486732,37,11,1,1,"SOUTH DAKOTA"
"421",840,81,29,"CUSTER",1,43.8204584,-103.640174,61,17,1,1,"SOUTH DAKOTA"
"422",840,81,35,"MAURINE",1,45.1458023,-102.5581808,39,17,1,1,"SOUTH DAKOTA"
"423",840,82,4,"BROWNSVILLE",1,35.5377957,-89.3824309,4,27,1,1,"TENNESSEE"
"424",840,82,6,"WHITEVILLE",1,35.3612207,-89.0787139,4,27,1,1,"TENNESSEE"
"425",840,82,9,"SWEETLIPS",1,35.4115013,-88.5485594,4,27,1,1,"TENNESSEE"
"426",840,82,10,"SILERTON",1,35.3431047,-88.8148959,4,27,1,1,"TENNESSEE"
"427",840,82,20,"WHITE HOUSE",1,36.5086597,-86.6658089,14,24,1,1,"TENNESSEE"
"428",840,82,27,"GLEN",1,35.3801394,-85.9158515,14,24,1,1,"TENNESSEE"
"429",840,82,29,"JASPER",1,35.1735485,-85.6693511,21,28,1,1,"TENNESSEE"
"430",840,82,31,"ELK VALLEY",1,36.4907462,-84.2932022,21,28,1,1,"TENNESSEE"
"431",840,82,32,"SMOKEY JCT",1,36.2936637,-84.3613059,21,28,1,1,"TENNESSEE"
"432",840,82,33,"LOVELL",1,35.9135129,-84.1514213,13,28,1,1,"TENNESSEE"
"433",840,82,34,"OLIVER SPGS",1,36.0487507,-84.3482669,21,28,1,1,"TENNESSEE"
"434",840,82,40,"MT OLIVE",1,35.9074137,-83.9205469,13,28,1,1,"TENNESSEE"
"435",840,82,41,"ALLENS BRDGE",1,36.0465477,-82.9128272,13,28,1,1,"TENNESSEE"
"436",840,83,2,"RACHAL",1,26.8901748,-98.135998,7,36,1,1,"TEXAS"
"437",840,83,7,"RANDADO",1,27.0738442,-98.8220264,7,36,1,1,"TEXAS"
"438",840,83,11,"HINKLES FER",1,28.9083337,-95.6139832,6,37,1,1,"TEXAS"
"439",840,83,30,"HONDO",1,29.3597192,-99.1420313,7,36,1,1,"TEXAS"
"440",840,83,42,"HARPER",1,30.3551169,-99.1490406,53,20,1,1,"TEXAS"
"441",840,83,45,"CALEDONIA",1,31.8819446,-94.5202804,4,25,1,1,"TEXAS"
"442",840,83,46,"MASSEY LAKE",1,31.8055475,-95.8749629,8,21,1,1,"TEXAS"
"443",840,83,61,"DALLAS",1,32.7295462,-96.8055652,8,21,1,1,"TEXAS"
"444",840,83,62,"GLEN ROSE",1,32.2930094,-97.8146904,33,21,1,1,"TEXAS"
"445",840,83,64,"SELDEN",1,32.1649434,-98.0495578,33,21,1,1,"TEXAS"
"446",840,83,65,"GRAFORD",1,32.9898499,-98.389974,33,21,1,1,"TEXAS"
"447",840,83,66,"COTTONWOOD",1,32.2195028,-99.2729117,33,21,1,1,"TEXAS"
"448",840,83,67,"ALBANY",1,32.8297577,-99.1330879,33,21,1,1,"TEXAS"
"449",840,83,75,"GAINESVILLE",1,33.5610847,-97.2713009,8,21,1,1,"TEXAS"
"450",840,83,76,"OLNEY",1,33.3624717,-98.9245219,33,21,1,1,"TEXAS"
"451",840,83,92,"POST",1,33.1811653,-101.5601204,54,18,1,1,"TEXAS"
"452",840,83,273,"BLUE RIDGE",1,33.3677874,-96.0651288,8,21,1,1,"TEXAS"
"453",840,85,11,"GOSHEN",1,39.9004437,-111.9543769,88,9,1,1,"UTAH"
"454",840,85,15,"BEAVER",1,38.2041397,-112.6462479,84,16,1,1,"UTAH"
"455",840,85,19,"IRON SPRINGS",1,37.7942977,-113.4586179,88,9,1,1,"UTAH"
"456",840,85,105,"FAIRFIELD",1,40.0721647,-112.0953299,88,9,1,1,"UTAH"
"457",840,85,119,"BERYL",1,37.8962567,-113.6579899,88,9,1,1,"UTAH"
"458",840,87,7,"POST MILLS",1,43.8966381,-72.2608612,27,14,1,1,"VERMONT"
"459",840,87,10,"W RUTLAND",1,43.6132776,-73.0950522,27,14,1,1,"VERMONT"
"460",840,88,3,"W AUGUSTA",1,38.2891547,-79.4594489,13,28,1,1,"VIRGINIA"
"461",840,88,5,"STANLEY",1,38.5758867,-78.5051729,13,28,1,1,"VIRGINIA"
"462",840,88,7,"EDINBURG",1,38.8163337,-78.5638129,13,28,1,1,"VIRGINIA"
"463",840,88,10,"PORT ROYAL",1,38.1740529,-77.2184791,4,30,1,1,"VIRGINIA"
"464",840,88,14,"PUTNAM",1,37.0178877,-81.9476239,21,28,1,1,"VIRGINIA"
"465",840,88,15,"COVINGTON",1,37.8008166,-80.0474493,13,28,1,1,"VIRGINIA"
"466",840,88,21,"COVESVILLE",1,37.8976577,-78.6894059,11,29,1,1,"VIRGINIA"
"467",840,88,23,"SHIPMAN",1,37.7014449,-78.7872126,11,29,1,1,"VIRGINIA"
"468",840,88,40,"RINGGOLD",1,36.6309512,-79.2532438,11,29,1,1,"VIRGINIA"
"469",840,88,134,"NAT TUNNEL",1,36.7021737,-82.7480769,13,28,1,1,"VIRGINIA"
"470",840,89,1,"OZETTE",1,48.2533397,-124.2718359,93,5,1,1,"WASHINGTON"
"471",840,89,2,"PORT ANGELES",1,48.1127527,-123.3860549,93,5,1,1,"WASHINGTON"
"472",840,89,4,"NEWHALEM",1,48.7004247,-121.2122809,67,9,1,1,"WASHINGTON"
"473",840,89,17,"BUNKER HILL",1,46.2603987,-123.1780619,93,5,1,1,"WASHINGTON"
"474",840,89,19,"RIMROCK",1,46.6387037,-121.3902819,67,9,1,1,"WASHINGTON"
"475",840,89,25,"SNOWDEN",1,45.8331357,-121.3533019,85,9,1,1,"WASHINGTON"
"476",840,89,27,"KENDALL",1,48.9733887,-122.1426999,93,9,1,1,"WASHINGTON"
"477",840,89,29,"WINTHROP",1,48.5091787,-120.1732639,67,9,1,1,"WASHINGTON"
"478",840,89,30,"TONASKET",1,48.7230457,-119.2720569,85,9,1,1,"WASHINGTON"
"479",840,89,34,"EVERETT",1,47.9781527,-122.1737439,93,5,1,1,"WASHINGTON"
"480",840,89,36,"LEAVENWORTH",1,47.5534987,-120.6802069,85,9,1,1,"WASHINGTON"
"481",840,89,43,"PACKWOOD",1,46.4024557,-121.5554509,67,5,1,1,"WASHINGTON"
"482",840,89,44,"ELLENSBURG",1,46.9554377,-120.5699539,85,9,1,1,"WASHINGTON"
"483",840,89,111,"CARNATION",1,47.7443857,-121.9848029,93,5,1,1,"WASHINGTON"
"484",840,90,16,"NICUT",1,38.7133034,-81.0222682,22,28,1,1,"WEST VIRGINIA"
"485",840,90,19,"PARADISE",1,38.5848407,-81.7998809,22,28,1,1,"WEST VIRGINIA"
"486",840,90,30,"GREEN BANK",1,38.3707667,-79.8181159,13,28,1,1,"WEST VIRGINIA"
"487",840,90,41,"BEBEE",1,39.652653,-80.7730165,22,28,1,1,"WEST VIRGINIA"
"488",840,90,46,"MEADOWVILLE",1,39.0940821,-79.935752,22,28,1,1,"WEST VIRGINIA"
"489",840,90,48,"YELLOW SPG",1,39.1823897,-78.5094379,13,28,1,1,"WEST VIRGINIA"
"490",840,90,53,"RUTHBELLE",1,39.7005717,-79.7308869,24,28,1,1,"WEST VIRGINIA"
"491",840,91,2,"IRON RIVER",1,46.5232187,-91.4282439,28,12,1,1,"WISCONSIN"
"492",840,91,3,"MINONG",1,46.0670957,-91.8218079,28,12,1,1,"WISCONSIN"
"493",840,91,4,"GRAND VIEW",1,46.3087137,-91.0900569,28,12,1,1,"WISCONSIN"
"494",840,91,12,"LORAINE",1,45.5969217,-92.2379749,20,23,1,1,"WISCONSIN"
"495",840,91,15,"COUDERAY",1,45.8737727,-91.2353139,28,12,1,1,"WISCONSIN"
"496",840,91,17,"GILMAN",1,45.1410957,-90.7920749,20,12,1,1,"WISCONSIN"
"497",840,91,19,"PHILLIPS",1,45.6572627,-90.1872869,28,12,1,1,"WISCONSIN"
"498",840,91,25,"POPPLE RIVER",1,45.8427157,-88.8778549,28,12,1,1,"WISCONSIN"
"499",840,91,26,"CRANDON",1,45.4638297,-88.7750249,28,12,1,1,"WISCONSIN"
"500",840,91,28,"AMBERG",1,45.5054967,-88.0179749,28,12,1,1,"WISCONSIN"
"501",840,91,29,"WAUSAUKEE",1,45.4469757,-87.8743129,28,12,1,1,"WISCONSIN"
"502",840,91,39,"STRATFORD",1,44.6989087,-90.0650949,20,23,1,1,"WISCONSIN"
"503",840,91,41,"STEVENS PT",1,44.6134037,-89.4892659,20,23,1,1,"WISCONSIN"
"504",840,91,42,"ELDERON",1,44.7766037,-89.2453309,20,23,1,1,"WISCONSIN"
"505",840,91,43,"SAXEVILLE",1,44.2134397,-89.0520699,17,23,1,1,"WISCONSIN"
"506",840,91,45,"OCONTO FALLS",1,44.8797447,-88.1726309,20,23,1,1,"WISCONSIN"
"507",840,91,52,"ROLLING GRND",1,43.3269947,-90.7422119,17,23,1,1,"WISCONSIN"
"508",840,91,54,"KENDALL",1,43.7857987,-90.3552409,17,23,1,1,"WISCONSIN"
"509",840,91,55,"N FREEDOM",1,43.4457507,-89.8669289,17,23,1,1,"WISCONSIN"
"510",840,91,58,"FALL RIVER",1,43.4580257,-89.0411229,16,23,1,1,"WISCONSIN"
"511",840,91,61,"BEAVER DAM",1,43.4992847,-88.9008629,16,23,1,1,"WISCONSIN"
"512",840,91,63,"PT WASHINGTN",1,43.3759057,-87.8785709,16,23,1,1,"WISCONSIN"
"513",840,91,64,"N ANDOVER",1,42.8165957,-90.9601049,17,23,1,1,"WISCONSIN"
"514",840,91,65,"HAZEL GREEN",1,42.5180847,-90.4357819,17,23,1,1,"WISCONSIN"
"515",840,91,66,"WIOTA",1,42.6391427,-89.9655699,17,23,1,1,"WISCONSIN"
"516",840,91,69,"PARIS",1,42.6113857,-88.0517639,16,23,1,1,"WISCONSIN"
"517",840,91,70,"RAYMOND",1,42.8005177,-87.9862509,16,22,1,1,"WISCONSIN"
"518",840,92,5,"WYARNO",1,44.7890327,-106.7184519,39,17,1,1,"WYOMING"
"519",840,92,9,"DUBOIS",1,43.4174237,-109.4431149,86,10,1,1,"WYOMING"
"520",840,92,17,"BEAR CREEK",1,42.1794577,-108.6225589,86,10,1,1,"WYOMING"
"521",840,92,30,"MAMMOTH",1,44.8808077,-110.7342539,64,10,1,1,"WYOMING"
"522",840,92,36,"MOOSE",1,43.6524547,-110.7110669,64,10,1,1,"WYOMING"
"523",840,92,46,"SODA WELL",1,44.6571037,-105.3472599,39,17,1,1,"WYOMING"
"524",840,92,53,"HORSE CREEK",1,43.5337167,-109.6336139,64,10,1,1,"WYOMING"
"525",840,92,68,"RIVERVIEW",1,43.4078737,-104.2003559,39,17,1,1,"WYOMING"
"526",840,92,90,"LUSK",1,42.828263,-104.41854,36,17,1,1,"WYOMING"
"527",840,92,97,"ROCK SPRINGS",1,41.5697327,-109.1835779,84,10,1,1,"WYOMING"
"528",840,92,120,"WELCH",1,42.8372527,-105.8112249,39,17,1,1,"WYOMING"
