"compturn","euclid","bray","jaccard","manhattan","sorenson","timechunk","route","region","location.bcr","timechunk_2","route_2","region_2","location.bcr_2","overlap"
0.676034001323151,0.132665768617982,0.323965998676849,0.489387188191563,0.647931997353698,0.166666666666667,"start",7,68,13,"start",11,68,13,0.834112103854788
0.756024491687499,0.111256140285972,0.243975508312501,0.392251305081501,0.487951016625002,0.147286821705426,"start",7,68,13,"start",14,68,13,0.838420645073731
0.573272450869459,0.194358935590979,0.426727549130541,0.598190662808176,0.853455098261082,0.25609756097561,"start",7,68,13,"start",15,68,13,0.702155940772861
0.743079536569677,0.133486124117544,0.256920463430323,0.40880942097028,0.513840926860646,0.170731707317073,"start",7,68,13,"start",22,68,13,0.837601668171636
0.560120641940854,0.1678068716145,0.439879358059146,0.610994741465107,0.879758716118292,0.268965517241379,"start",7,68,13,"start",37,68,13,0.720629455964835
0.573918476305202,0.227597330952345,0.426081523694797,0.597555632851724,0.852163047389595,0.203007518796992,"start",7,68,13,"start",113,68,13,0.727160654712932
0.753690135752039,0.113346302930647,0.246309864247961,0.395262641039253,0.492619728495921,0.114503816793893,"start",7,68,13,"start",119,68,13,0.853744655839791
0.654257671564034,0.168397471266063,0.345742328435966,0.513831394213172,0.691484656871933,0.206106870229008,"start",7,68,13,"start",5,76,13,0.742629207799048
0.689816707594673,0.149408227680643,0.310183292405327,0.473496027927315,0.620366584810654,0.234375,"start",7,68,13,"start",19,76,13,0.811491821249881
0.575659075279142,0.186576028634568,0.424340924720858,0.595841792306881,0.848681849441717,0.214814814814815,"start",7,68,13,"start",8,61,13,0.730086808336653
0.630479657220254,0.166723109475106,0.369520342779746,0.539634689952428,0.739040685559492,0.181818181818182,"start",7,68,13,"start",47,61,13,0.768988883177054
0.640039942411652,0.170100769599611,0.359960057588348,0.529368573113353,0.719920115176697,0.247863247863248,"start",7,68,13,"start",53,61,13,0.789329420672396
0.70446321562852,0.124288499666749,0.29553678437148,0.45623835299259,0.591073568742961,0.149606299212598,"start",7,68,13,"start",65,61,13,0.813569470940931
0.714557847568014,0.118162626731218,0.285442152431986,0.444115127066504,0.570884304863972,0.228571428571429,"start",7,68,13,"start",70,61,13,0.813604000045438
0.61209292089405,0.166442174322957,0.38790707910595,0.558981339522857,0.7758141582119,0.258278145695364,"start",7,68,13,"start",72,61,13,0.766746495715035
0.689210446856849,0.12665854806614,0.310789553143151,0.47420205996898,0.621579106286302,0.246153846153846,"start",7,68,13,"start",90,61,13,0.831805947265614
0.695262989071865,0.120487210684684,0.304737010928135,0.46712403860048,0.609474021856269,0.24812030075188,"start",7,68,13,"start",21,66,13,0.814247972576445
0.691786246577073,0.121033180833485,0.308213753422927,0.471197849153457,0.616427506845854,0.244444444444444,"start",7,68,13,"start",22,66,13,0.832621343925897
0.695662811962804,0.132764537356081,0.304337188037196,0.466654160946176,0.608674376074393,0.232876712328767,"start",7,68,13,"start",3,72,13,0.829643790694719
0.568115937800057,0.178248942815681,0.431884062199943,0.603238870521958,0.863768124399887,0.236111111111111,"start",7,68,13,"start",8,72,13,0.761550361736416
0.708101927854147,0.145935158449817,0.291898072145853,0.451890251157365,0.583796144291706,0.20863309352518,"start",11,68,13,"start",14,68,13,0.825473121789415
0.682014836412809,0.134527931638396,0.317985163587191,0.482532235373156,0.635970327174382,0.218390804597701,"start",11,68,13,"start",15,68,13,0.769343391934457
0.734604731281481,0.108366837729339,0.265395268718519,0.419466194128081,0.530790537437037,0.203007518796992,"start",11,68,13,"start",22,68,13,0.846450126285847
0.647997251608767,0.158565125128827,0.352002748391233,0.520713066316006,0.704005496782466,0.174193548387097,"start",11,68,13,"start",37,68,13,0.791690180068519
0.731808879238681,0.134931865209487,0.268191120761319,0.422950636336767,0.536382241522638,0.118881118881119,"start",11,68,13,"start",113,68,13,0.845955099776844
0.797272724093676,0.0797654090308115,0.202727275906324,0.337112627222255,0.405454551812647,0.163120567375887,"start",11,68,13,"start",119,68,13,0.868479901098392
0.64303301690285,0.159968650363231,0.35696698309715,0.52612478791843,0.7139339661943,0.148936170212766,"start",11,68,13,"start",5,76,13,0.775889089112629
0.727301155632859,0.12621414718508,0.272698844367141,0.428536327465186,0.545397688734281,0.159420289855072,"start",11,68,13,"start",19,76,13,0.805958410496667
0.659451913487934,0.12401966775094,0.340548086512066,0.508072914263193,0.681096173024132,0.213793103448276,"start",11,68,13,"start",8,61,13,0.800912676345887
0.664341289585061,0.118606485957649,0.335658710414939,0.502611494684391,0.671317420829878,0.225352112676056,"start",11,68,13,"start",47,61,13,0.813787540924663
0.604790843913886,0.144318864731281,0.395209156086114,0.566523168748071,0.790418312172227,0.259842519685039,"start",11,68,13,"start",53,61,13,0.797290726445692
0.678161091392106,0.128974559154766,0.321838908607895,0.486956325028807,0.643677817215789,0.197080291970803,"start",11,68,13,"start",65,61,13,0.801037613927494
0.709446838333774,0.100444990274791,0.290553161666226,0.450276935963017,0.581106323332452,0.2,"start",11,68,13,"start",70,61,13,0.860579530468396
0.755150802821078,0.0911965385931621,0.244849197178922,0.393379692470059,0.489698394357844,0.180124223602484,"start",11,68,13,"start",72,61,13,0.846426030773566
0.796667421115097,0.0710570373456722,0.203332578884903,0.337949096455655,0.406665157769806,0.228571428571429,"start",11,68,13,"start",90,61,13,0.900200958143295
0.656182590467641,0.117658844647221,0.343817409532358,0.511702567764776,0.687634819064717,0.258741258741259,"start",11,68,13,"start",21,66,13,0.820799522049112
0.662639771751893,0.117721895938084,0.337360228248108,0.504516615826144,0.674720456496215,0.268965517241379,"start",11,68,13,"start",22,66,13,0.826074633904817
0.666859200954288,0.119121247252282,0.333140799045712,0.499783367644559,0.666281598091424,0.205128205128205,"start",11,68,13,"start",3,72,13,0.827698513262093
0.676170963364475,0.112046235341845,0.323829036635525,0.489230901685806,0.647658073271051,0.246753246753247,"start",11,68,13,"start",8,72,13,0.840429392488279
0.635057414682845,0.227481997271217,0.364942585317155,0.534736902845416,0.72988517063431,0.216374269005848,"start",14,68,13,"start",15,68,13,0.715715798060514
0.755138857539239,0.150888527220943,0.244861142460761,0.393395109074953,0.489722284921522,0.169230769230769,"start",14,68,13,"start",22,68,13,0.811518097097891
0.592782065815357,0.168095977382838,0.407217934184643,0.578756032441541,0.814435868369286,0.25,"start",14,68,13,"start",37,68,13,0.700439600248463
0.670849616721391,0.223693151586394,0.329150383278609,0.495279371573735,0.658300766557219,0.185714285714286,"start",14,68,13,"start",113,68,13,0.749271057648892
0.759952602610812,0.159053982513762,0.240047397389188,0.387158422967682,0.480094794778376,0.130434782608696,"start",14,68,13,"start",119,68,13,0.809208438073558
0.645322580678861,0.187216773918346,0.354677419321139,0.523633765887788,0.709354838642278,0.202898550724638,"start",14,68,13,"start",5,76,13,0.716367654058835
0.63683038077124,0.202803200868067,0.36316961922876,0.532831151906437,0.72633923845752,0.22962962962963,"start",14,68,13,"start",19,76,13,0.758394898397989
0.600229492861008,0.21448513392224,0.399770507138992,0.571194356646487,0.799541014277984,0.197183098591549,"start",14,68,13,"start",8,61,13,0.752249210317776
0.668056135503474,0.18786894857696,0.331943864496526,0.498435216895572,0.663887728993052,0.151079136690647,"start",14,68,13,"start",47,61,13,0.76877663358248
0.633954215067306,0.20465752534721,0.366045784932694,0.535920228985194,0.732091569865389,0.193548387096774,"start",14,68,13,"start",53,61,13,0.782061282277121
0.726719707806494,0.147110898824147,0.273280292193506,0.429253941758135,0.546560584387013,0.164179104477612,"start",14,68,13,"start",65,61,13,0.828194742069036
0.739822185921671,0.134666184238949,0.260177814078329,0.412922384716983,0.520355628156659,0.210884353741497,"start",14,68,13,"start",70,61,13,0.838643233626674
0.677869552940519,0.183842969451046,0.322130447059481,0.48728996110168,0.644260894118962,0.240506329113924,"start",14,68,13,"start",72,61,13,0.769593038375798
0.753965781740659,0.133446974511788,0.246034218259341,0.394907643231565,0.492068436518683,0.182481751824818,"start",14,68,13,"start",90,61,13,0.835523252604589
0.683000531101073,0.171182814380968,0.316999468898927,0.481396502253647,0.633998937797854,0.214285714285714,"start",14,68,13,"start",21,66,13,0.765031169717495
0.681904627990332,0.1493538085117,0.318095372009668,0.482659113694748,0.636190744019335,0.23943661971831,"start",14,68,13,"start",22,66,13,0.843042831880429
0.686635372313434,0.172921051659582,0.313364627686566,0.477193646121784,0.626729255373131,0.215686274509804,"start",14,68,13,"start",3,72,13,0.821758883294542
0.632772207529368,0.188628647954047,0.367227792470632,0.537185967829161,0.734455584941264,0.19205298013245,"start",14,68,13,"start",8,72,13,0.78251800298023
0.565997241817659,0.185741379251663,0.434002758182341,0.605302543117083,0.868005516364682,0.260606060606061,"start",15,68,13,"start",22,68,13,0.686904959211056
0.56369715419346,0.18689260971032,0.43630284580654,0.607536004096043,0.87260569161308,0.18716577540107,"start",15,68,13,"start",37,68,13,0.752753663182912
0.657160746948434,0.1648016804007,0.342839253051566,0.510618456040026,0.685678506103133,0.211428571428571,"start",15,68,13,"start",113,68,13,0.772213637972296
0.735096332668954,0.107828177874576,0.264903667331046,0.418851923941361,0.529807334662091,0.202312138728324,"start",15,68,13,"start",119,68,13,0.818205300188697
0.490447765869963,0.225575019455371,0.509552234130037,0.675103812388042,1.01910446826007,0.236994219653179,"start",15,68,13,"start",5,76,13,0.698131257716771
0.56835610714347,0.173921831940464,0.43164389285653,0.603004553032081,0.86328778571306,0.270588235294118,"start",15,68,13,"start",19,76,13,0.696915919440024
0.647201207191291,0.119069083546201,0.352798792808709,0.521583541741963,0.705597585617418,0.242937853107345,"start",15,68,13,"start",8,61,13,0.794413591345249
0.615418439697428,0.140823885560895,0.384581560302572,0.555520268836354,0.769163120605143,0.241379310344828,"start",15,68,13,"start",47,61,13,0.74065441483593
0.61146216682043,0.143514116424029,0.38853783317957,0.559635933419069,0.777075666359139,0.308176100628931,"start",15,68,13,"start",53,61,13,0.739163931389077
0.604132159891482,0.149854478936861,0.395867840108518,0.56719959975257,0.791735680217035,0.266272189349112,"start",15,68,13,"start",65,61,13,0.693123109369176
0.649266068712893,0.145208973489713,0.350733931287107,0.519323492455534,0.701467862574213,0.186813186813187,"start",15,68,13,"start",70,61,13,0.764826673027267
0.7385978797593,0.0976897772545188,0.2614021202407,0.414462788743084,0.522804240481399,0.160621761658031,"start",15,68,13,"start",72,61,13,0.843399706619439
0.6860564412541,0.127380523341577,0.313943558745901,0.477864603325192,0.627887117491801,0.244186046511628,"start",15,68,13,"start",90,61,13,0.804226598832826
0.659456486248296,0.139649283003331,0.340543513751704,0.508067825114671,0.681087027503408,0.268571428571429,"start",15,68,13,"start",21,66,13,0.768442462213269
0.582772958075768,0.160041399980727,0.417227041924232,0.588793509553338,0.834454083848464,0.254237288135593,"start",15,68,13,"start",22,66,13,0.708850230827965
0.659939224061799,0.13164016122746,0.340060775938201,0.507530377792184,0.680121551876402,0.191489361702128,"start",15,68,13,"start",3,72,13,0.763384045169915
0.706176887378811,0.103380529688014,0.293823112621189,0.454193637066701,0.587646225242378,0.21505376344086,"start",15,68,13,"start",8,72,13,0.863389553487169
0.574722972510177,0.203468321586072,0.425277027489823,0.59676402451924,0.850554054979645,0.26027397260274,"start",22,68,13,"start",37,68,13,0.706676946874391
0.717692062465677,0.141844907609851,0.282307937534323,0.440312235884864,0.564615875068646,0.17910447761194,"start",22,68,13,"start",113,68,13,0.782239913783227
0.769524803982808,0.111157094097018,0.230475196017192,0.374611689472807,0.460950392034383,0.151515151515152,"start",22,68,13,"start",119,68,13,0.818825346447134
0.7512926304732,0.120181740519085,0.2487073695268,0.39834372022814,0.4974147390536,0.227272727272727,"start",22,68,13,"start",5,76,13,0.820204488814115
0.674054826599389,0.157701813777573,0.325945173400611,0.491642007436355,0.651890346801223,0.24031007751938,"start",22,68,13,"start",19,76,13,0.770997168864794
0.559545869955493,0.179540487993291,0.440454130044507,0.611548984251096,0.880908260089015,0.176470588235294,"start",22,68,13,"start",8,61,13,0.727112062499935
0.640021565337388,0.159785422419948,0.359978434662612,0.529388445415926,0.719956869325225,0.157894736842105,"start",22,68,13,"start",47,61,13,0.758884116689876
0.600623147488409,0.180236759741299,0.399376852511591,0.570792423491631,0.798753705023182,0.152542372881356,"start",22,68,13,"start",53,61,13,0.735437604479454
0.679703115348695,0.150235865620458,0.320296884651305,0.485189184909569,0.640593769302609,0.140625,"start",22,68,13,"start",65,61,13,0.778718119262975
0.694324731918717,0.136261435813361,0.305675268081283,0.468225561981394,0.611350536162566,0.205673758865248,"start",22,68,13,"start",70,61,13,0.797596771346713
0.639621306736303,0.154356017317132,0.360378693263697,0.529821137376254,0.720757386527393,0.25,"start",22,68,13,"start",72,61,13,0.775311290815597
0.744807735854397,0.109322437091097,0.255192264145603,0.406618605667252,0.510384528291206,0.190839694656489,"start",22,68,13,"start",90,61,13,0.838095848422225
0.698165221477561,0.134848999135731,0.30183477852244,0.463706736833405,0.603669557044879,0.164179104477612,"start",22,68,13,"start",21,66,13,0.759959615807194
0.675842631424864,0.142788394453836,0.324157368575136,0.489605505007228,0.648314737150271,0.176470588235294,"start",22,68,13,"start",22,66,13,0.795703542504502
0.674982516623921,0.135487675214479,0.32501748337608,0.49058595445541,0.650034966752159,0.183673469387755,"start",22,68,13,"start",3,72,13,0.786392206839217
0.594192794899684,0.162605702837272,0.405807205100316,0.577329812549023,0.811614410200632,0.241379310344828,"start",22,68,13,"start",8,72,13,0.757811887936391
0.587649844649876,0.244311091585791,0.412350155350124,0.583920572087737,0.824700310700248,0.179487179487179,"start",37,68,13,"start",113,68,13,0.766765625027243
0.600520941160233,0.158530940046898,0.399479058839767,0.570896800943851,0.798958117679534,0.181818181818182,"start",37,68,13,"start",119,68,13,0.765259189685199
0.527480353692865,0.23864129057162,0.472519646307135,0.641783826099904,0.94503929261427,0.168831168831169,"start",37,68,13,"start",5,76,13,0.690829728176256
0.520146574908522,0.210062250738313,0.479853425091478,0.648514801473417,0.959706850182956,0.231788079470199,"start",37,68,13,"start",19,76,13,0.686602476050802
0.471638922741091,0.200342510965191,0.528361077258909,0.691408705862251,1.05672215451782,0.278481012658228,"start",37,68,13,"start",8,61,13,0.741458355022579
0.487323807441297,0.203384911862389,0.512676192558703,0.677839970088387,1.02535238511741,0.290322580645161,"start",37,68,13,"start",47,61,13,0.710331461325516
0.447261895858446,0.20822110104741,0.552738104141554,0.711952778987337,1.10547620828311,0.314285714285714,"start",37,68,13,"start",53,61,13,0.712907543637426
0.498038274559927,0.191350972876321,0.501961725440073,0.668408145078396,1.00392345088015,0.253333333333333,"start",37,68,13,"start",65,61,13,0.700275241082693
0.514359828486085,0.17850452553697,0.485640171513915,0.653778998206587,0.971280343027829,0.239263803680982,"start",37,68,13,"start",70,61,13,0.726457863773615
0.62892257240655,0.154410066694559,0.37107742759345,0.541293175900029,0.7421548551869,0.183908045977011,"start",37,68,13,"start",72,61,13,0.765118588481219
0.56361132322461,0.167604227610116,0.43638867677539,0.607619210358936,0.87277735355078,0.281045751633987,"start",37,68,13,"start",90,61,13,0.753281661674764
0.524446032050494,0.177048682468148,0.475553967949506,0.644576854901968,0.951107935899011,0.307692307692308,"start",37,68,13,"start",21,66,13,0.714782317192906
0.48648507467906,0.188342324701382,0.51351492532094,0.678572661200615,1.02702985064188,0.329113924050633,"start",37,68,13,"start",22,66,13,0.711068232119148
0.463135607194682,0.202876666464769,0.536864392805318,0.698649009396791,1.07372878561064,0.266272189349112,"start",37,68,13,"start",3,72,13,0.694960639244994
0.534535637598801,0.185925052889684,0.465464362401199,0.635244874380329,0.930928724802399,0.269461077844311,"start",37,68,13,"start",8,72,13,0.760935884464823
0.722813518427721,0.159075141530103,0.277186481572279,0.434057963455813,0.554372963144559,0.140845070422535,"start",113,68,13,"start",119,68,13,0.805216409776063
0.647858187367406,0.177584794370776,0.352141812632594,0.520865207099809,0.704283625265188,0.154929577464789,"start",113,68,13,"start",5,76,13,0.787393232403349
0.605120362747929,0.193937725400643,0.39487963725207,0.566184531921318,0.789759274504141,0.165467625899281,"start",113,68,13,"start",19,76,13,0.753334991755117
0.610872018294346,0.172808366683445,0.389127981705654,0.560247848766043,0.778255963411309,0.219178082191781,"start",113,68,13,"start",8,61,13,0.801311103121684
0.650020355007922,0.158058846545329,0.349979644992078,0.518496180724461,0.699959289984156,0.202797202797203,"start",113,68,13,"start",47,61,13,0.769735723449801
0.579028059946902,0.209098586354483,0.420971940053098,0.59251267134433,0.841943880106195,0.25,"start",113,68,13,"start",53,61,13,0.739980877099587
0.604652130285214,0.194925616413307,0.395347869714786,0.566665672834111,0.790695739429572,0.231884057971014,"start",113,68,13,"start",65,61,13,0.713709777712777
0.618484438736496,0.179261322675718,0.381515561263503,0.552314533344203,0.763031122527007,0.178807947019868,"start",113,68,13,"start",70,61,13,0.766685061755716
0.716399249395915,0.140970957187411,0.283600750604085,0.441883117426688,0.56720150120817,0.185185185185185,"start",113,68,13,"start",72,61,13,0.838387187006308
0.699154647949665,0.143701028915078,0.300845352050335,0.462538228047101,0.601690704100669,0.205673758865248,"start",113,68,13,"start",90,61,13,0.834003211933873
0.615326024164603,0.194721218457327,0.384673975835397,0.555616675908589,0.769347951670793,0.25,"start",113,68,13,"start",21,66,13,0.75662483324374
0.557633951653852,0.198993064024279,0.442366048346148,0.613389435855587,0.884732096692296,0.26027397260274,"start",113,68,13,"start",22,66,13,0.748401065320703
0.61049066580712,0.181978528011681,0.38950933419288,0.560642990454084,0.77901866838576,0.210191082802548,"start",113,68,13,"start",3,72,13,0.761627695986254
0.673702416558978,0.139076125050331,0.326297583441022,0.492042792680745,0.652595166882044,0.225806451612903,"start",113,68,13,"start",8,72,13,0.829538042041962
0.62836998681621,0.168491198411722,0.37163001318379,0.541880841935169,0.743260026367579,0.157142857142857,"start",119,68,13,"start",5,76,13,0.762474115201354
0.699708586404725,0.132757470941229,0.300291413595275,0.461883252408744,0.600582827190549,0.197080291970803,"start",119,68,13,"start",19,76,13,0.806222148021958
0.638746140981693,0.127599102334497,0.361253859018307,0.530766332267858,0.722507718036614,0.194444444444444,"start",119,68,13,"start",8,61,13,0.78870881167004
0.664584566210962,0.124159655634289,0.335415433789038,0.502338710939334,0.670830867578076,0.163120567375887,"start",119,68,13,"start",47,61,13,0.812025823911714
0.660441772072754,0.130983756441377,0.339558227927246,0.506970463617186,0.679116455854492,0.206349206349206,"start",119,68,13,"start",53,61,13,0.81008029333194
0.696053267595517,0.110949341308754,0.303946732404483,0.466195013724224,0.607893464808965,0.161764705882353,"start",119,68,13,"start",65,61,13,0.800979535862938
0.72406564194451,0.106668464904132,0.27593435805549,0.432521244237064,0.55186871611098,0.181208053691275,"start",119,68,13,"start",70,61,13,0.821589682874163
0.710925170573783,0.104752550813379,0.289074829426216,0.448499688035779,0.578149658852433,0.2,"start",119,68,13,"start",72,61,13,0.826499529898549
0.765687424446938,0.0848661212628322,0.234312575553062,0.379664892335838,0.468625151106124,0.20863309352518,"start",119,68,13,"start",90,61,13,0.858964285526837
0.70759081260307,0.099133613228824,0.29240918739693,0.452502489534104,0.584818374793859,0.23943661971831,"start",119,68,13,"start",21,66,13,0.816636017587807
0.685695048538678,0.114701465605824,0.314304951461322,0.478283142906612,0.628609902922643,0.222222222222222,"start",119,68,13,"start",22,66,13,0.82171423765883
0.712046492458891,0.100130282183028,0.287953507541109,0.447148916253746,0.575907015082218,0.2,"start",119,68,13,"start",3,72,13,0.850043790070487
0.649552908235117,0.116611278901612,0.350447091764883,0.519008991765665,0.700894183529767,0.241830065359477,"start",119,68,13,"start",8,72,13,0.837142217192032
0.629534746803842,0.200133163026294,0.370465253196158,0.540641584793441,0.740930506392315,0.167883211678832,"start",5,76,13,"start",19,76,13,0.746660288950574
0.447538487335548,0.227596512791117,0.552461512664452,0.711723296400793,1.10492302532891,0.25,"start",5,76,13,"start",8,61,13,0.718681158042799
0.571126573426868,0.192166237658782,0.428873426573132,0.600295895489776,0.857746853146264,0.234042553191489,"start",5,76,13,"start",47,61,13,0.796392729021954
0.506342980358243,0.231308667524656,0.493657019641757,0.66100451864131,0.987314039283514,0.285714285714286,"start",5,76,13,"start",53,61,13,0.726621771533534
0.568777054255374,0.204528439946731,0.431222945744626,0.602593672812132,0.862445891489253,0.205882352941176,"start",5,76,13,"start",65,61,13,0.711256874395817
0.602996632814524,0.176503504860786,0.397003367185476,0.56836422375318,0.794006734370953,0.248322147651007,"start",5,76,13,"start",70,61,13,0.763484987106387
0.54231552107184,0.195050119896036,0.45768447892816,0.627960968981019,0.915368957856319,0.2125,"start",5,76,13,"start",72,61,13,0.737927335747279
0.634908097861234,0.160592097940055,0.365091902138766,0.534897176617569,0.730183804277532,0.223021582733813,"start",5,76,13,"start",90,61,13,0.777753990372895
0.584592524677942,0.172429889383445,0.415407475322059,0.586979343496173,0.830814950644117,0.267605633802817,"start",5,76,13,"start",21,66,13,0.76921336991589
0.541945210699404,0.193370937823446,0.458054789300596,0.62830943344772,0.916109578601191,0.291666666666667,"start",5,76,13,"start",22,66,13,0.744817635357999
0.560912413820024,0.192057999191332,0.439087586179976,0.610230524391533,0.878175172359953,0.251612903225806,"start",5,76,13,"start",3,72,13,0.773233570052057
0.525771424170019,0.200573337108522,0.474228575829982,0.643358273750723,0.948457151659963,0.26797385620915,"start",5,76,13,"start",8,72,13,0.761475510999075
0.555756071601487,0.16734157795084,0.444243928398513,0.61519237805088,0.888487856797025,0.290780141843972,"start",19,76,13,"start",8,61,13,0.774675958611244
0.620513827063939,0.161572495638451,0.379486172936061,0.550184815739578,0.758972345872122,0.27536231884058,"start",19,76,13,"start",47,61,13,0.800276837781221
0.58242086016835,0.181668468066416,0.41757913983165,0.589144024623897,0.8351582796633,0.284552845528455,"start",19,76,13,"start",53,61,13,0.761463876071738
0.642848652026656,0.16329445548676,0.357151347973344,0.526325009375975,0.714302695946687,0.24812030075188,"start",19,76,13,"start",65,61,13,0.76764016919877
0.651546252812076,0.157246910545838,0.348453747187924,0.516819724687765,0.696907494375849,0.273972602739726,"start",19,76,13,"start",70,61,13,0.790344289429459
0.631026046217196,0.153230961474761,0.368973953782803,0.539051824562827,0.737947907565607,0.235668789808917,"start",19,76,13,"start",72,61,13,0.773104050604667
0.65452667109835,0.153211900160917,0.34547332890165,0.513534265571314,0.6909466578033,0.279411764705882,"start",19,76,13,"start",90,61,13,0.785200799546555
0.609004211633267,0.162349845529516,0.390995788366733,0.5621811246831,0.781991576733465,0.309352517985612,"start",19,76,13,"start",21,66,13,0.776237934783458
0.602868381721695,0.161164915983399,0.397131618278305,0.568495642189664,0.79426323655661,0.290780141843972,"start",19,76,13,"start",22,66,13,0.787448698309865
0.647667429720079,0.152691485380005,0.352332570279921,0.521073851245026,0.704665140559843,0.263157894736842,"start",19,76,13,"start",3,72,13,0.801142085183638
0.570510092268376,0.180031531998802,0.429489907731623,0.600899531236505,0.858979815463247,0.32,"start",19,76,13,"start",8,72,13,0.749325344608224
0.711415741223156,0.110714105116673,0.288584258776844,0.447909023893828,0.577168517553689,0.103448275862069,"start",8,61,13,"start",47,61,13,0.83722970560338
0.711153972874819,0.109008670667728,0.288846027125181,0.448224258051154,0.577692054250362,0.215384615384615,"start",8,61,13,"start",53,61,13,0.811577853743231
0.660753052273506,0.131703256441249,0.339246947726494,0.506623439840426,0.678493895452988,0.157142857142857,"start",8,61,13,"start",65,61,13,0.749266519506029
0.736896547761613,0.117258470561,0.263103452238387,0.41659842156576,0.526206904476774,0.150326797385621,"start",8,61,13,"start",70,61,13,0.841269918380098
0.699769676489047,0.101438345982965,0.300230323510953,0.461810985457183,0.600460647021905,0.219512195121951,"start",8,61,13,"start",72,61,13,0.830236726554961
0.722886194267332,0.110389381579813,0.277113805732668,0.433968851466124,0.554227611465337,0.118881118881119,"start",8,61,13,"start",90,61,13,0.854220133072403
0.695229812574573,0.126113693594633,0.304770187425427,0.467163015161773,0.609540374850854,0.136986301369863,"start",8,61,13,"start",21,66,13,0.792080782801249
0.69101046590004,0.130205600583792,0.30898953409996,0.472103903126187,0.61797906819992,0.175675675675676,"start",8,61,13,"start",22,66,13,0.784008525356333
0.709133786119624,0.117969272918585,0.290866213880376,0.450652764403873,0.581732427760752,0.144654088050314,"start",8,61,13,"start",3,72,13,0.786616771408515
0.733992131921386,0.0954836193274265,0.266007868078614,0.420230987161758,0.532015736157228,0.171974522292994,"start",8,61,13,"start",8,72,13,0.86682562136298
0.753963563671404,0.107827047194087,0.246036436328596,0.394910500456205,0.492072872657191,0.181102362204724,"start",47,61,13,"start",53,61,13,0.840665386769883
0.73936333883164,0.113782714266779,0.26063666116836,0.413500049930011,0.521273322336719,0.124087591240876,"start",47,61,13,"start",65,61,13,0.786968809877412
0.739123045989576,0.10947610827643,0.260876954010424,0.413802398688726,0.521753908020848,0.146666666666667,"start",47,61,13,"start",70,61,13,0.828477261349337
0.66376378463651,0.121133902982964,0.33623621536349,0.503258647681578,0.672472430726979,0.192546583850932,"start",47,61,13,"start",72,61,13,0.773127979830791
0.721244404395093,0.108633684335026,0.278755595604907,0.435979473423994,0.557511191209813,0.128571428571429,"start",47,61,13,"start",90,61,13,0.835494353262109
0.689110134958145,0.127902489382144,0.310889865041855,0.474318817060851,0.621779730083711,0.132867132867133,"start",47,61,13,"start",21,66,13,0.779845857759867
0.688987658436628,0.131135579163336,0.311012341563372,0.474461348231844,0.622024683126744,0.144827586206897,"start",47,61,13,"start",22,66,13,0.830595943648588
0.742705295763756,0.115090672728977,0.257294704236244,0.409283047752182,0.514589408472488,0.115384615384615,"start",47,61,13,"start",3,72,13,0.830127645083509
0.741466819244542,0.0959785034090517,0.258533180755458,0.410848414183675,0.517066361510916,0.181818181818182,"start",47,61,13,"start",8,72,13,0.818612826505509
0.743223712900148,0.103932436339129,0.256776287099852,0.40862688091035,0.513552574199703,0.213114754098361,"start",53,61,13,"start",65,61,13,0.786185659657494
0.759528373941266,0.104536302355376,0.240471626058734,0.387709998370165,0.480943252117468,0.185185185185185,"start",53,61,13,"start",70,61,13,0.838791448444378
0.640812649856575,0.140520769471282,0.359187350143425,0.528532508937083,0.71837470028685,0.246575342465753,"start",53,61,13,"start",72,61,13,0.747882077204449
0.69816264796892,0.123786959502827,0.30183735203108,0.463709773821076,0.60367470406216,0.2,"start",53,61,13,"start",90,61,13,0.827620368275345
0.759085325389825,0.105852779057415,0.240914674610175,0.388285640486695,0.481829349220351,0.1875,"start",53,61,13,"start",21,66,13,0.839507286269185
0.752094503510967,0.109238577912703,0.247905496489033,0.397314535734497,0.495810992978067,0.2,"start",53,61,13,"start",22,66,13,0.871183694348112
0.781127742847401,0.0838619656297959,0.218872257152599,0.359138959588605,0.437744514305199,0.219858156028369,"start",53,61,13,"start",3,72,13,0.847569338041737
0.718935894078352,0.11641804568682,0.281064105921648,0.438797878455019,0.562128211843295,0.251798561151079,"start",53,61,13,"start",8,72,13,0.807963720003374
0.809006165089641,0.0703613742042292,0.190993834910359,0.320730182326653,0.381987669820719,0.2,"start",65,61,13,"start",70,61,13,0.864180266110415
0.644020509741631,0.135914087297446,0.35597949025837,0.52505143745285,0.711958980516739,0.243589743589744,"start",65,61,13,"start",72,61,13,0.72811807766489
0.759643437150216,0.0982479072281068,0.240356562849784,0.387560432296262,0.480713125699567,0.17037037037037,"start",65,61,13,"start",90,61,13,0.812828685277933
0.730752780318117,0.110243676118068,0.269247219681883,0.424262847310968,0.538494439363765,0.173913043478261,"start",65,61,13,"start",21,66,13,0.795366975508893
0.748767520734662,0.0920129585341368,0.251232479265338,0.401576019530519,0.502464958530677,0.2,"start",65,61,13,"start",22,66,13,0.869000119738947
0.767443213147482,0.0878915634202261,0.232556786852518,0.377356709781104,0.465113573705035,0.19205298013245,"start",65,61,13,"start",3,72,13,0.845922748561264
0.69981980165541,0.119958281518909,0.30018019834459,0.46175168446156,0.600360396689179,0.248322147651007,"start",65,61,13,"start",8,72,13,0.76414151327849
0.730884939376073,0.104759697067801,0.269115060623927,0.42409875821917,0.538230121247854,0.171597633136095,"start",70,61,13,"start",72,61,13,0.816455366959259
0.806154631253635,0.0709777077861095,0.193845368746365,0.324741166353761,0.38769073749273,0.162162162162162,"start",70,61,13,"start",90,61,13,0.890695864198235
0.765946795021215,0.0907601691595278,0.234053204978785,0.379324333885278,0.46810640995757,0.165562913907285,"start",70,61,13,"start",21,66,13,0.860271686477186
0.781890249382509,0.0824198787968194,0.21810975061749,0.358111821216315,0.436219501234981,0.202614379084967,"start",70,61,13,"start",22,66,13,0.870878956875239
0.770052251816578,0.0834290293980228,0.229947748183422,0.373914661859488,0.459895496366843,0.134146341463415,"start",70,61,13,"start",3,72,13,0.869038445290405
0.733394009200391,0.102080423944696,0.266605990799609,0.420976993218389,0.533211981599218,0.160493827160494,"start",70,61,13,"start",8,72,13,0.857894159648597
0.766951320832327,0.0897712472108419,0.233048679167673,0.378004020611716,0.466097358335346,0.220125786163522,"start",72,61,13,"start",90,61,13,0.868010858016481
0.723599057036147,0.120502558459475,0.276400942963853,0.433094231851693,0.552801885927707,0.222222222222222,"start",72,61,13,"start",21,66,13,0.808488264453327
0.628422571300059,0.13514833710101,0.371577428699942,0.541824939554661,0.743154857399883,0.268292682926829,"start",72,61,13,"start",22,66,13,0.746662326655658
0.669562874845565,0.12461224104151,0.330437125154435,0.496734672998664,0.660874250308871,0.2,"start",72,61,13,"start",3,72,13,0.777809676320419
0.777498756382886,0.077539838518788,0.222501243617115,0.364009844208881,0.445002487234229,0.202312138728324,"start",72,61,13,"start",8,72,13,0.881760087261341
0.759290907996178,0.0974555352652015,0.240709092003822,0.388018583171761,0.481418184007645,0.163120567375887,"start",90,61,13,"start",21,66,13,0.832429216363521
0.729937106989506,0.1004271471362,0.270062893010494,0.425274834020779,0.540125786020989,0.216783216783217,"start",90,61,13,"start",22,66,13,0.837146913806183
0.758960696709734,0.0954245772361593,0.241039303290266,0.388447493405274,0.482078606580532,0.181818181818182,"start",90,61,13,"start",3,72,13,0.847990337333874
0.764328185729595,0.0913353752791444,0.235671814270405,0.381447260589263,0.471343628540811,0.197368421052632,"start",90,61,13,"start",8,72,13,0.886379069169409
0.778485882364564,0.0796508566461232,0.221514117635436,0.362687773210899,0.443028235270873,0.150684931506849,"start",21,66,13,"start",22,66,13,0.84761892142472
0.816820439168328,0.0773100159241518,0.183179560831672,0.309639494960364,0.366359121663344,0.10828025477707,"start",21,66,13,"start",3,72,13,0.865607932925094
0.747190958775168,0.121480123615599,0.252809041224832,0.40358751079521,0.505618082449664,0.187096774193548,"start",21,66,13,"start",8,72,13,0.830690737005106
0.821475995536891,0.07088509806512,0.178524004463109,0.302962016534297,0.357048008926218,0.106918238993711,"start",22,66,13,"start",3,72,13,0.886614036214381
0.677338215168916,0.126925455221175,0.322661784831084,0.487897644781944,0.645323569662168,0.222929936305732,"start",22,66,13,"start",8,72,13,0.791610221155388
0.760202667870926,0.10782244794967,0.239797332129074,0.386833115243563,0.479594664258149,0.178571428571429,"start",3,72,13,"start",8,72,13,0.835893426353521
0.617326862793507,0.144200756596929,0.382673137206493,0.553526537703095,0.765346274412986,0.27536231884058,"end",7,68,13,"end",11,68,13,0.731925499005346
0.770504997953079,0.0902369474318487,0.229495002046921,0.373315876298556,0.458990004093842,0.21259842519685,"end",7,68,13,"end",14,68,13,0.852509643469705
0.572751311988935,0.163278001166963,0.427248688011065,0.598702512883659,0.85449737602213,0.320512820512821,"end",7,68,13,"end",15,68,13,0.713163215173198
0.706730423894777,0.155113790934782,0.293269576105223,0.453532011459554,0.586539152210446,0.169491525423729,"end",7,68,13,"end",22,68,13,0.759354351601528
0.534452003178397,0.173606133328242,0.465547996821603,0.635322756854443,0.931095993643207,0.318181818181818,"end",7,68,13,"end",37,68,13,0.71411761557301
0.731287104706222,0.109664556137045,0.268712895293778,0.423599218216437,0.537425790587556,0.28125,"end",7,68,13,"end",113,68,13,0.832512696043322
0.751556018472101,0.104024212569546,0.248443981527898,0.398005813963462,0.496887963055797,0.190839694656489,"end",7,68,13,"end",119,68,13,0.826764388665135
0.678570022599785,0.136740739404378,0.321429977400215,0.486488096830673,0.64285995480043,0.265625,"end",7,68,13,"end",5,76,13,0.776867535143689
0.658445529609047,0.133400321054492,0.341554470390953,0.509192102041772,0.683108940781905,0.323076923076923,"end",7,68,13,"end",19,76,13,0.766547243369356
0.63201102750583,0.14570766244561,0.367988972494169,0.537999910661908,0.735977944988339,0.237410071942446,"end",7,68,13,"end",8,61,13,0.738604202948409
0.724059200885084,0.125025858908326,0.275940799114915,0.43252915700529,0.551881598229831,0.228346456692913,"end",7,68,13,"end",47,61,13,0.821836507583511
0.658846905241368,0.132967118453678,0.341153094758632,0.5087459382406,0.682306189517264,0.229508196721311,"end",7,68,13,"end",53,61,13,0.779824356679903
0.652470474870172,0.154897817264762,0.347529525129828,0.515802464656714,0.695059050259656,0.196850393700787,"end",7,68,13,"end",65,61,13,0.749539492306467
0.655691606871023,0.146541030412209,0.344308393128977,0.512246140675465,0.688616786257955,0.253731343283582,"end",7,68,13,"end",70,61,13,0.758765974142104
0.557203683408286,0.176018420803404,0.442796316591713,0.613802948482322,0.885592633183427,0.289855072463768,"end",7,68,13,"end",72,61,13,0.669343075693104
0.635530678522481,0.15436287759587,0.364469321477519,0.534228678857876,0.728938642955037,0.235772357723577,"end",7,68,13,"end",90,61,13,0.743125909261563
0.704827893417004,0.110420909868491,0.295172106582996,0.455803680580703,0.590344213165992,0.234375,"end",7,68,13,"end",21,66,13,0.812589051075771
0.631904132265433,0.165848839953726,0.368095867734567,0.538114143044812,0.736191735469134,0.206611570247934,"end",7,68,13,"end",22,66,13,0.724435675099328
0.726090519148192,0.108057165200732,0.273909480851808,0.430029739112479,0.547818961703616,0.267175572519084,"end",7,68,13,"end",3,72,13,0.804877292422972
0.697436749309007,0.106573437643029,0.302563250690994,0.464565924964469,0.605126501381987,0.266187050359712,"end",7,68,13,"end",8,72,13,0.811235920537506
0.694048184553856,0.126437615308788,0.305951815446144,0.468549929373349,0.611903630892287,0.161290322580645,"end",11,68,13,"end",14,68,13,0.747462081440504
0.769884897226176,0.0924779295317734,0.230115102773824,0.374135887373353,0.460230205547647,0.130434782608696,"end",11,68,13,"end",15,68,13,0.860956769682149
0.595900118677925,0.180061483126653,0.404099881322075,0.575599908094262,0.80819976264415,0.205479452054795,"end",11,68,13,"end",22,68,13,0.720076003183893
0.639002990270054,0.134953266593107,0.360997009729946,0.530489056403697,0.721994019459892,0.1625,"end",11,68,13,"end",37,68,13,0.790462529792823
0.694954439239794,0.140341101510684,0.305045560760206,0.467486454009334,0.610091121520411,0.141025641025641,"end",11,68,13,"end",113,68,13,0.737635412771599
0.683216286935698,0.130932573308743,0.316783713064302,0.481147678121126,0.633567426128603,0.169811320754717,"end",11,68,13,"end",119,68,13,0.786743689691836
0.659006242903977,0.136538833597411,0.340993757096023,0.508568746560698,0.681987514192046,0.192307692307692,"end",11,68,13,"end",5,76,13,0.729189505191432
0.685984459704925,0.125412256805797,0.314015540295075,0.477947985644918,0.62803108059015,0.189873417721519,"end",11,68,13,"end",19,76,13,0.74581585949195
0.679910869040345,0.110724482662867,0.320089130959655,0.484950786204811,0.64017826191931,0.221556886227545,"end",11,68,13,"end",8,61,13,0.843421900625533
0.588429430122947,0.145973401942263,0.411570569877052,0.583138496452076,0.823141139754105,0.264516129032258,"end",11,68,13,"end",47,61,13,0.74167951916369
0.592392761831872,0.14393258507346,0.407607238168128,0.57914910795513,0.815214476336256,0.24,"end",11,68,13,"end",53,61,13,0.736575970197502
0.573753396289764,0.163965500986361,0.426246603710236,0.597717957892273,0.852493207420472,0.264516129032258,"end",11,68,13,"end",65,61,13,0.78013933900578
0.662704769725541,0.125004085345403,0.337295230274459,0.504443929266441,0.674590460548918,0.172839506172839,"end",11,68,13,"end",70,61,13,0.794300754381191
0.762802299274895,0.0814965915280101,0.237197700725105,0.383443487788712,0.47439540145021,0.132530120481928,"end",11,68,13,"end",72,61,13,0.846920091420323
0.645854840468392,0.133359174102745,0.354145159531608,0.523053465928431,0.708290319063216,0.19205298013245,"end",11,68,13,"end",90,61,13,0.731243977895951
0.649114909874804,0.112907486531604,0.350885090125197,0.519489174453287,0.701770180250393,0.256410256410256,"end",11,68,13,"end",21,66,13,0.776141069291376
0.556606425942031,0.187475087699027,0.443393574057969,0.614376538772317,0.886787148115938,0.315436241610738,"end",11,68,13,"end",22,66,13,0.690453380349828
0.608876961433611,0.131601173724971,0.391123038566389,0.562312646291097,0.782246077132778,0.29559748427673,"end",11,68,13,"end",3,72,13,0.768481856751282
0.680291805639864,0.105089904476485,0.319708194360136,0.484513464001256,0.639416388720272,0.233532934131737,"end",11,68,13,"end",8,72,13,0.778929975752612
0.668831131182481,0.145225999618752,0.331168868817519,0.497561018102379,0.662337737635037,0.190751445086705,"end",14,68,13,"end",15,68,13,0.74107591652241
0.688182583460712,0.16131340604695,0.311817416539288,0.475397585987073,0.623634833078576,0.17037037037037,"end",14,68,13,"end",22,68,13,0.751250157580406
0.606140174777234,0.15487232657133,0.393859825222766,0.565135486503917,0.787719650445533,0.167785234899329,"end",14,68,13,"end",37,68,13,0.734263076899742
0.744715739082428,0.123420786072082,0.255284260917572,0.406735380767011,0.510568521835145,0.144827586206897,"end",14,68,13,"end",113,68,13,0.845338492485583
0.751006542941253,0.110118041363362,0.248993457058747,0.398710586755356,0.497986914117494,0.135135135135135,"end",14,68,13,"end",119,68,13,0.832988281952935
0.665400909204325,0.141709140125946,0.334599090795675,0.50142262661994,0.669198181591351,0.213793103448276,"end",14,68,13,"end",5,76,13,0.765339231773774
0.622830537161699,0.151586209107185,0.377169462838301,0.547745899129897,0.754338925676602,0.251700680272109,"end",14,68,13,"end",19,76,13,0.737207673351418
0.669788712877178,0.128761562861107,0.330211287122821,0.496479454533951,0.660422574245643,0.205128205128205,"end",14,68,13,"end",8,61,13,0.753189826728687
0.635723764863118,0.154497471349455,0.364276235136882,0.534021227893533,0.728552470273764,0.208333333333333,"end",14,68,13,"end",47,61,13,0.817364361189948
0.664079241458033,0.116350026136957,0.335920758541967,0.502905215588675,0.671841517083934,0.20863309352518,"end",14,68,13,"end",53,61,13,0.799357638957679
0.636498988475439,0.147896673849323,0.363501011524561,0.53318774016621,0.727002023049122,0.208333333333333,"end",14,68,13,"end",65,61,13,0.767974022546099
0.622019459407897,0.150741658789569,0.377980540592103,0.548600694215448,0.755961081184206,0.152317880794702,"end",14,68,13,"end",70,61,13,0.765295278526345
0.603084130788502,0.157684564216139,0.396915869211498,0.568274551044425,0.793831738422996,0.212903225806452,"end",14,68,13,"end",72,61,13,0.690158933960633
0.603059753385159,0.17326200200818,0.396940246614841,0.56829953546937,0.793880493229681,0.128571428571429,"end",14,68,13,"end",90,61,13,0.71678504691354
0.713472192175721,0.111000045668725,0.286527807824279,0.445428083375582,0.573055615648558,0.213793103448276,"end",14,68,13,"end",21,66,13,0.835880135529391
0.595525151622713,0.186834527811506,0.404474848377287,0.575980194796101,0.808949696754575,0.27536231884058,"end",14,68,13,"end",22,66,13,0.716166435222167
0.69531577616675,0.120949796129987,0.30468422383325,0.467062018942894,0.6093684476665,0.243243243243243,"end",14,68,13,"end",3,72,13,0.797940678063562
0.724141803704461,0.0998439082038943,0.275858196295539,0.432427674323831,0.551716392591078,0.217948717948718,"end",14,68,13,"end",8,72,13,0.844907191444331
0.567589606528395,0.213288723594568,0.432410393471605,0.603752102668859,0.864820786943209,0.25609756097561,"end",15,68,13,"end",22,68,13,0.648622064465159
0.605949313192829,0.153975910407882,0.39405068680717,0.565331935970958,0.788101373614341,0.202247191011236,"end",15,68,13,"end",37,68,13,0.78177742317432
0.674406918929059,0.139261130296064,0.325593081070941,0.491241370704645,0.651186162141882,0.172413793103448,"end",15,68,13,"end",113,68,13,0.728123363274205
0.671755020953447,0.132022261894662,0.328244979046553,0.494253671912504,0.656489958093105,0.186440677966102,"end",15,68,13,"end",119,68,13,0.782002590273418
0.606665050404683,0.180612689790411,0.393334949595318,0.564594966500422,0.786669899190635,0.241379310344828,"end",15,68,13,"end",5,76,13,0.723065931781467
0.632329353721703,0.13685277364873,0.367670646278297,0.537659629207955,0.735341292556594,0.227272727272727,"end",15,68,13,"end",19,76,13,0.762946109767325
0.641950180834427,0.130768977043615,0.358049819165573,0.527299976941302,0.716099638331146,0.210810810810811,"end",15,68,13,"end",8,61,13,0.786563590176613
0.58958663249905,0.141127908374111,0.41041336750095,0.581976003571412,0.8208267350019,0.248554913294798,"end",15,68,13,"end",47,61,13,0.742675496280903
0.55271028408155,0.177409707529396,0.44728971591845,0.618106673458396,0.8945794318369,0.261904761904762,"end",15,68,13,"end",53,61,13,0.709792182474572
0.563794309532731,0.194346578176662,0.436205690467269,0.607441807761324,0.872411380934538,0.236994219653179,"end",15,68,13,"end",65,61,13,0.742242920755975
0.623782326825709,0.142836921884955,0.37621767317429,0.546741522809444,0.752435346348581,0.155555555555556,"end",15,68,13,"end",70,61,13,0.745287858897097
0.692088952586017,0.10570424845097,0.307911047413983,0.470844019588012,0.615822094827967,0.152173913043478,"end",15,68,13,"end",72,61,13,0.80229330093035
0.627257143947016,0.135217778398056,0.372742856052984,0.543062896899311,0.745485712105967,0.242603550295858,"end",15,68,13,"end",90,61,13,0.76537370494285
0.64585134414273,0.126652995325661,0.35414865585727,0.5230572793104,0.708297311714539,0.241379310344828,"end",15,68,13,"end",21,66,13,0.763251756558793
0.532326500777744,0.214692882413705,0.467673499222256,0.637299098839195,0.935346998444512,0.317365269461078,"end",15,68,13,"end",22,66,13,0.631203101680284
0.592070770069281,0.146391777215467,0.407929229930719,0.579474054886682,0.815858459861437,0.27683615819209,"end",15,68,13,"end",3,72,13,0.717800338099007
0.680938636269288,0.104099401099249,0.319061363730712,0.48377031198656,0.638122727461423,0.210810810810811,"end",15,68,13,"end",8,72,13,0.78840288933938
0.52683159712452,0.232142452360511,0.47316840287548,0.642381959797538,0.94633680575096,0.214285714285714,"end",22,68,13,"end",37,68,13,0.66055287805605
0.723583962551812,0.163147159137371,0.276416037448188,0.433112761573882,0.552832074896376,0.191176470588235,"end",22,68,13,"end",113,68,13,0.792799234014854
0.731190369541891,0.14094995733348,0.268809630458109,0.423719404401201,0.537619260916218,0.136690647482014,"end",22,68,13,"end",119,68,13,0.774890670682751
0.663953500905712,0.173421592118644,0.336046499094288,0.503046113023904,0.672092998188576,0.191176470588235,"end",22,68,13,"end",5,76,13,0.74174710971062
0.667286817582145,0.16506565612196,0.332713182417855,0.499302005573675,0.665426364835711,0.231884057971014,"end",22,68,13,"end",19,76,13,0.736095717173483
0.566368082567996,0.18596506314561,0.433631917432004,0.604941773630079,0.867263834864008,0.224489795918367,"end",22,68,13,"end",8,61,13,0.730948306032827
0.625543720928298,0.190968048021462,0.374456279071702,0.54487914206279,0.748912558143403,0.185185185185185,"end",22,68,13,"end",47,61,13,0.758763841838886
0.673318879748881,0.162331441209377,0.326681120251119,0.492478735491892,0.653362240502238,0.215384615384615,"end",22,68,13,"end",53,61,13,0.800079031322606
0.705887071085312,0.156393119207972,0.294112928914688,0.454539820046998,0.588225857829376,0.185185185185185,"end",22,68,13,"end",65,61,13,0.792415596150135
0.678077594844446,0.136576019255638,0.321922405155554,0.487051893363851,0.643844810311108,0.197183098591549,"end",22,68,13,"end",70,61,13,0.810731669109221
0.520272624757406,0.214887120074188,0.479727375242594,0.648399675871301,0.959454750485188,0.232876712328767,"end",22,68,13,"end",72,61,13,0.643875900761802
0.565494472266201,0.205502223278708,0.434505527733799,0.605791360623366,0.869011055467598,0.175572519083969,"end",22,68,13,"end",90,61,13,0.706542691730172
0.624310104594111,0.17068471928931,0.375689895405888,0.546183986173779,0.751379790811777,0.25,"end",22,68,13,"end",21,66,13,0.769172124065949
0.658122939730569,0.163050096712236,0.341877060269431,0.50955049518588,0.683754120538862,0.255813953488372,"end",22,68,13,"end",22,66,13,0.793552371241624
0.684745933066221,0.139491540829123,0.315254066933779,0.47938124634539,0.630508133867558,0.223021582733813,"end",22,68,13,"end",3,72,13,0.797588416877339
0.644774169076527,0.170752026030854,0.355225830923473,0.524231198694636,0.710451661846946,0.238095238095238,"end",22,68,13,"end",8,72,13,0.742347794528731
0.600093524098957,0.193061573416549,0.399906475901043,0.57133313229892,0.799812951802085,0.2,"end",37,68,13,"end",113,68,13,0.751585100156695
0.578354507203991,0.184816738169364,0.421645492796009,0.593179516177048,0.843290985592018,0.176470588235294,"end",37,68,13,"end",119,68,13,0.767967198178726
0.548476320774919,0.181686310091441,0.451523679225081,0.622137531323132,0.903047358450162,0.226666666666667,"end",37,68,13,"end",5,76,13,0.691115405859257
0.607531007308963,0.186337472166809,0.392468992691037,0.563702308275555,0.784937985382074,0.236842105263158,"end",37,68,13,"end",19,76,13,0.749445658985482
0.521887131623084,0.169541898141609,0.478112868376915,0.646923355591811,0.956225736753832,0.304347826086957,"end",37,68,13,"end",8,61,13,0.713352739446231
0.459132312896654,0.211835261944265,0.540867687103346,0.702030020656887,1.08173537420669,0.288590604026846,"end",37,68,13,"end",47,61,13,0.688813557444411
0.501643328588989,0.180267039279772,0.498356671411011,0.665204328074578,0.996713342822023,0.305555555555556,"end",37,68,13,"end",53,61,13,0.677491119499861
0.491806322002257,0.204448459814076,0.508193677997743,0.673910367629195,1.01638735599549,0.288590604026846,"end",37,68,13,"end",65,61,13,0.704763818643891
0.494504619970768,0.211499980035949,0.505495380029232,0.671533618415244,1.01099076005846,0.243589743589744,"end",37,68,13,"end",70,61,13,0.674318438034585
0.565759380071221,0.16619914013323,0.434240619928779,0.60553384682459,0.868481239857557,0.25,"end",37,68,13,"end",72,61,13,0.711245732437492
0.513437116933539,0.201001295178449,0.486562883066461,0.654614599367348,0.973125766132922,0.255172413793103,"end",37,68,13,"end",90,61,13,0.687903167971479
0.535414119572529,0.163096818417192,0.464585880427471,0.634426272485805,0.929171760854942,0.306666666666667,"end",37,68,13,"end",21,66,13,0.742988735587343
0.431700231174508,0.232537187627439,0.568299768825491,0.724733600198251,1.13659953765098,0.384615384615385,"end",37,68,13,"end",22,66,13,0.589029850277106
0.479837753446331,0.190093387893432,0.52016224655367,0.6843509602122,1.04032449310734,0.372549019607843,"end",37,68,13,"end",3,72,13,0.681170524216233
0.551626398174885,0.165465605013401,0.448373601825115,0.619140809056605,0.89674720365023,0.304347826086957,"end",37,68,13,"end",8,72,13,0.735608831666234
0.823410307268153,0.0738679208110847,0.176589692731847,0.300172088575475,0.353179385463695,0.167785234899329,"end",113,68,13,"end",119,68,13,0.880593063722921
0.632101263996665,0.187072688745557,0.367898736003335,0.537903466565434,0.735797472006669,0.164383561643836,"end",113,68,13,"end",5,76,13,0.722878695873998
0.750645533812823,0.0941532988021497,0.249354466187177,0.399173289784068,0.498708932374354,0.162162162162162,"end",113,68,13,"end",19,76,13,0.806297542788818
0.624911952990888,0.153414248262726,0.375088047009112,0.545547680128481,0.750176094018225,0.235668789808917,"end",113,68,13,"end",8,61,13,0.741830858057782
0.699368921049122,0.120945224384537,0.300631078950878,0.462284938159981,0.601262157901756,0.227586206896552,"end",113,68,13,"end",47,61,13,0.797369470688626
0.615943852826754,0.181474239324026,0.384056147173246,0.554971917804968,0.768112294346492,0.228571428571429,"end",113,68,13,"end",53,61,13,0.736019304778684
0.559283467554955,0.209826201281509,0.440716532445046,0.611801867362629,0.881433064890092,0.255172413793103,"end",113,68,13,"end",65,61,13,0.718285730178508
0.692560922707935,0.134283652648752,0.307439077292066,0.47029201227307,0.614878154584131,0.157894736842105,"end",113,68,13,"end",70,61,13,0.781207310540708
0.601570079987947,0.1657108454264,0.398429920012053,0.569824650217179,0.796859840024106,0.179487179487179,"end",113,68,13,"end",72,61,13,0.658495400178304
0.645017661518152,0.141603198989475,0.354982338481848,0.52396600073707,0.709964676963697,0.163120567375887,"end",113,68,13,"end",90,61,13,0.751059161961156
0.670631687392789,0.130672720740845,0.329368312607211,0.495526047196417,0.658736625214422,0.246575342465753,"end",113,68,13,"end",21,66,13,0.806626311394127
0.574205797608966,0.209829951906822,0.425794202391034,0.597273016929069,0.851588404782069,0.323741007194245,"end",113,68,13,"end",22,66,13,0.700669582074371
0.635410899815323,0.14270299014844,0.364589100184677,0.534357338975279,0.729178200369355,0.275167785234899,"end",113,68,13,"end",3,72,13,0.770053033165247
0.733912189990283,0.0945523582292935,0.266087810009717,0.420330735208129,0.532175620019435,0.235668789808917,"end",113,68,13,"end",8,72,13,0.853627219751127
0.646356718114866,0.170322937192987,0.353643281885134,0.52250587228954,0.707286563770268,0.208053691275168,"end",119,68,13,"end",5,76,13,0.733958472839342
0.755960455713375,0.0977612866091217,0.244039544286624,0.392334062703071,0.488079088573249,0.205298013245033,"end",119,68,13,"end",19,76,13,0.820691802008654
0.645551684290646,0.138390047365193,0.354448315709353,0.523384039978995,0.708896631418707,0.1875,"end",119,68,13,"end",8,61,13,0.75736094409306
0.677413631193747,0.130122594713924,0.322586368806252,0.487811422247477,0.645172737612505,0.189189189189189,"end",119,68,13,"end",47,61,13,0.813388891217342
0.644082909609172,0.161704532792791,0.355917090390828,0.524983559707532,0.711834180781656,0.216783216783217,"end",119,68,13,"end",53,61,13,0.735912795339726
0.651172650485402,0.172899111517358,0.348827349514598,0.517230540498946,0.697654699029197,0.189189189189189,"end",119,68,13,"end",65,61,13,0.762567309698443
0.67938298344213,0.123419799560231,0.32061701655787,0.485556391501821,0.64123403311574,0.187096774193548,"end",119,68,13,"end",70,61,13,0.778633361334483
0.590189625079289,0.159837195566073,0.409810374920711,0.581369497928058,0.819620749841421,0.220125786163522,"end",119,68,13,"end",72,61,13,0.700146495209679
0.645528663336657,0.139196465827218,0.354471336663343,0.523409136935391,0.708942673326686,0.180555555555556,"end",119,68,13,"end",90,61,13,0.77625847335861
0.681250742517358,0.123140883626306,0.318749257482642,0.483411468365262,0.637498514965284,0.248322147651007,"end",119,68,13,"end",21,66,13,0.807214497091618
0.58561051041878,0.198718503748807,0.41438948958122,0.585962342952527,0.82877897916244,0.267605633802817,"end",119,68,13,"end",22,66,13,0.681019251886463
0.68373447773437,0.119122076435374,0.316265522265629,0.480549732429754,0.632531044531259,0.263157894736842,"end",119,68,13,"end",3,72,13,0.780847750441333
0.743639621040134,0.0869322121810613,0.256360378959866,0.408100069459538,0.512720757919732,0.225,"end",119,68,13,"end",8,72,13,0.864341259162408
0.677491385984913,0.164753417904877,0.322508614015087,0.487722515524437,0.645017228030175,0.175675675675676,"end",5,76,13,"end",19,76,13,0.769580992781614
0.64328114405931,0.163288641774111,0.35671885594069,0.525855234308447,0.71343771188138,0.248407643312102,"end",5,76,13,"end",8,61,13,0.759532083287507
0.702584984218359,0.14562193276602,0.297415015781641,0.458473213526761,0.594830031563283,0.241379310344828,"end",5,76,13,"end",47,61,13,0.840996542298503
0.710363701982607,0.12295941189914,0.289636298017393,0.449175164288818,0.579272596034786,0.228571428571429,"end",5,76,13,"end",53,61,13,0.815741546776295
0.695950438881502,0.14188915585404,0.304049561118498,0.46631595942981,0.608099122236995,0.268965517241379,"end",5,76,13,"end",65,61,13,0.796940527791191
0.673462534339406,0.154785399283066,0.326537465660594,0.492315481640744,0.653074931321187,0.223684210526316,"end",5,76,13,"end",70,61,13,0.772236854390597
0.624459660906131,0.159278860671586,0.375540339093868,0.546025919299835,0.751080678187737,0.230769230769231,"end",5,76,13,"end",72,61,13,0.69774777319305
0.624640771587583,0.171242021392222,0.375359228412417,0.545834456421535,0.750718456824834,0.219858156028369,"end",5,76,13,"end",90,61,13,0.77332532956747
0.645475442921962,0.145444007305226,0.354524557078039,0.52346715343842,0.709049114156077,0.273972602739726,"end",5,76,13,"end",21,66,13,0.817856274874582
0.612876421933261,0.175971984285166,0.387123578066739,0.55816739645689,0.774247156133477,0.338129496402878,"end",5,76,13,"end",22,66,13,0.76292797321069
0.635379973264103,0.14399537817809,0.364620026735897,0.534390555014864,0.729240053471795,0.288590604026846,"end",5,76,13,"end",3,72,13,0.783793496797606
0.631208065201905,0.165079710530837,0.368791934798095,0.538857550840982,0.73758386959619,0.248407643312102,"end",5,76,13,"end",8,72,13,0.754854858791827
0.581462637724717,0.156176036008661,0.418537362275283,0.590097058288213,0.837074724550566,0.29559748427673,"end",19,76,13,"end",8,61,13,0.738928764221036
0.670578166655565,0.127132373564932,0.329421833344435,0.495586615296826,0.658843666688869,0.27891156462585,"end",19,76,13,"end",47,61,13,0.796084199260243
0.551778845326446,0.190831987008744,0.448221154673554,0.618995452769212,0.896442309347108,0.267605633802817,"end",19,76,13,"end",53,61,13,0.69047339609102
0.536389147387481,0.212548364596302,0.463610852612519,0.633516555011849,0.927221705225038,0.27891156462585,"end",19,76,13,"end",65,61,13,0.685697171857027
0.647300676830731,0.129886428022427,0.352699323169269,0.521474827595717,0.705398646338537,0.246753246753247,"end",19,76,13,"end",70,61,13,0.74666161860955
0.639535109742406,0.140139043623388,0.360464890257593,0.529914285681187,0.720929780515187,0.20253164556962,"end",19,76,13,"end",72,61,13,0.735039966733926
0.677148816807434,0.119141167683547,0.322851183192566,0.488114139057422,0.645702366385131,0.230769230769231,"end",19,76,13,"end",90,61,13,0.840822912724606
0.592878998279626,0.150612621840137,0.407121001720374,0.578658127087322,0.814242003440748,0.283783783783784,"end",19,76,13,"end",21,66,13,0.7569312566219
0.517794834565021,0.214377362870039,0.482205165434979,0.650659135023953,0.964410330869958,0.390070921985816,"end",19,76,13,"end",22,66,13,0.646197664037802
0.595121312165352,0.151140311265293,0.404878687834648,0.576389536464093,0.809757375669297,0.337748344370861,"end",19,76,13,"end",3,72,13,0.759215962211869
0.689689169020932,0.113229172366351,0.310310830979068,0.473644609572834,0.620621661958137,0.257861635220126,"end",19,76,13,"end",8,72,13,0.815855937003219
0.646019402927193,0.153143410416104,0.353980597072807,0.522873958220795,0.707961194145614,0.179487179487179,"end",8,61,13,"end",47,61,13,0.800615252611019
0.672168848575625,0.128781656169276,0.327831151424374,0.493784395813741,0.655662302848749,0.19205298013245,"end",8,61,13,"end",53,61,13,0.775916224904212
0.618786421052842,0.159487351119356,0.381213578947158,0.551998017913698,0.762427157894316,0.153846153846154,"end",8,61,13,"end",65,61,13,0.774488070739369
0.718542121602893,0.118070370378088,0.281457878397107,0.439277612072844,0.562915756794214,0.153374233128834,"end",8,61,13,"end",70,61,13,0.85942701634131
0.71062477762355,0.108639073505267,0.28937522237645,0.448861149732817,0.5787504447529,0.197604790419162,"end",8,61,13,"end",72,61,13,0.84001486441783
0.64375803365695,0.139816599384704,0.35624196634305,0.525336887050642,0.712483932686099,0.171052631578947,"end",8,61,13,"end",90,61,13,0.765492623256607
0.730387247398663,0.10730658777034,0.269612752601337,0.424716516195858,0.539225505202674,0.171974522292994,"end",8,61,13,"end",21,66,13,0.791564600212941
0.623694278801167,0.176429285288523,0.376305721198833,0.546834493823147,0.752611442397665,0.2,"end",8,61,13,"end",22,66,13,0.727014950300364
0.706683401087554,0.113405556207561,0.293316598912446,0.45358823842375,0.586633197824892,0.1625,"end",8,61,13,"end",3,72,13,0.798011713294127
0.722124540791098,0.0963801902320397,0.277875459208902,0.434902254685957,0.555750918417804,0.142857142857143,"end",8,61,13,"end",8,72,13,0.79433786920698
0.678564649126085,0.160638983363421,0.321435350873915,0.486494251362865,0.642870701747831,0.179856115107914,"end",47,61,13,"end",53,61,13,0.800862398242755
0.667235561912228,0.184391068627856,0.332764438087772,0.499359719659412,0.665528876175544,0.152777777777778,"end",47,61,13,"end",65,61,13,0.781827234392773
0.718472870406928,0.120419127018668,0.281527129593072,0.439361950429354,0.563054259186143,0.152317880794702,"end",47,61,13,"end",70,61,13,0.809977712772443
0.606693314990532,0.153434865414677,0.393306685009467,0.564565847908488,0.786613370018935,0.212903225806452,"end",47,61,13,"end",72,61,13,0.711392585177673
0.721615120655417,0.11261754112349,0.278384879344583,0.435525926256744,0.556769758689166,0.171428571428571,"end",47,61,13,"end",90,61,13,0.840333130100453
0.747481878368234,0.115609833074125,0.252518121631766,0.403216715623705,0.505036243263533,0.172413793103448,"end",47,61,13,"end",21,66,13,0.837366543486424
0.669460085264165,0.179499568478761,0.330539914735835,0.496850806315661,0.661079829471671,0.217391304347826,"end",47,61,13,"end",22,66,13,0.79314647099361
0.74018399936588,0.122039440916724,0.25981600063412,0.412466583220635,0.51963200126824,0.148648648648649,"end",47,61,13,"end",3,72,13,0.850847721665755
0.715425420971274,0.115073051912304,0.284574579028726,0.443064316660998,0.569149158057451,0.179487179487179,"end",47,61,13,"end",8,72,13,0.830453125635932
0.768289496296111,0.0976250012620213,0.231710503703889,0.376241824693562,0.463421007407778,0.165467625899281,"end",53,61,13,"end",65,61,13,0.856730460634601
0.717473486305627,0.135995571067752,0.282526513694373,0.440578047592238,0.565053027388746,0.136986301369863,"end",53,61,13,"end",70,61,13,0.804081714365266
0.579428619956721,0.170587853702474,0.420571380043279,0.592115800658276,0.841142760086559,0.16,"end",53,61,13,"end",72,61,13,0.710582269841779
0.548419209081491,0.198791689900513,0.451580790918509,0.622191742607402,0.903161581837018,0.2,"end",53,61,13,"end",90,61,13,0.68885705535784
0.772230711955245,0.0967771020666774,0.227769288044755,0.371029460115396,0.45553857608951,0.128571428571429,"end",53,61,13,"end",21,66,13,0.839635711014606
0.746693856436752,0.136892954824956,0.253306143563248,0.404220700367874,0.506612287126496,0.157894736842105,"end",53,61,13,"end",22,66,13,0.803384993218426
0.746788614890415,0.104648373712798,0.253211385109584,0.40410003949564,0.506422770219169,0.146853146853147,"end",53,61,13,"end",3,72,13,0.815203045195872
0.690364425365125,0.141424097567312,0.309635574634875,0.472857611127738,0.61927114926975,0.152317880794702,"end",53,61,13,"end",8,72,13,0.768096819628604
0.679442720168315,0.154991095262739,0.320557279831685,0.485487884134102,0.641114559663369,0.165562913907285,"end",65,61,13,"end",70,61,13,0.807148981350197
0.55932768355674,0.193822663872432,0.44067231644326,0.611759261857955,0.881344632886519,0.2,"end",65,61,13,"end",72,61,13,0.717756460813686
0.546941624072703,0.20879981305385,0.453058375927297,0.623592807327055,0.906116751854594,0.2,"end",65,61,13,"end",90,61,13,0.713633935047146
0.714913883236295,0.125520404106466,0.285086116763705,0.44368406606345,0.57017223352741,0.103448275862069,"end",65,61,13,"end",21,66,13,0.817977218322937
0.71089924933491,0.133209622506092,0.289100750665091,0.448530885605231,0.578201501330181,0.159420289855072,"end",65,61,13,"end",22,66,13,0.789627598021846
0.741298470822244,0.110981389833527,0.258701529177756,0.411060959537806,0.517403058355513,0.148648648648649,"end",65,61,13,"end",3,72,13,0.815996122146125
0.640513347662212,0.167785377794828,0.359486652337788,0.528856464636281,0.718973304675576,0.153846153846154,"end",65,61,13,"end",8,72,13,0.757246448074561
0.705565683830801,0.125600035642901,0.294434316169199,0.454923532992481,0.588868632338398,0.111111111111111,"end",70,61,13,"end",72,61,13,0.771753487706956
0.665741918120855,0.137642504126976,0.334258081879145,0.501039621072981,0.668516163758289,0.170068027210884,"end",70,61,13,"end",90,61,13,0.776293145488275
0.728633359174356,0.113920989648869,0.271366640825644,0.426889666775297,0.542733281651288,0.157894736842105,"end",70,61,13,"end",21,66,13,0.824943234579556
0.656910416235765,0.149239395919653,0.343089583764236,0.510896053266483,0.686179167528471,0.227586206896552,"end",70,61,13,"end",22,66,13,0.77300187798068
0.730214389725291,0.0948970194879216,0.269785610274709,0.424930961717771,0.539571220549418,0.174193548387097,"end",70,61,13,"end",3,72,13,0.821272245499424
0.736055815759792,0.106452907360366,0.263944184240208,0.417651645588879,0.527888368480417,0.116564417177914,"end",70,61,13,"end",8,72,13,0.816044322271067
0.677091315524097,0.127595249040299,0.322908684475903,0.488179854384779,0.645817368951806,0.205298013245033,"end",72,61,13,"end",90,61,13,0.752999752297446
0.619869296056872,0.142549806588512,0.380130703943128,0.550861889902266,0.760261407886256,0.192307692307692,"end",72,61,13,"end",21,66,13,0.716222253406618
0.525960658642719,0.213348419069896,0.474039341357281,0.643184110568976,0.948078682714562,0.261744966442953,"end",72,61,13,"end",22,66,13,0.626967087851962
0.618789735504838,0.152158059393977,0.381210264495162,0.551994543183468,0.762420528990324,0.232704402515723,"end",72,61,13,"end",3,72,13,0.710530434347397
0.698294803654025,0.116547055456353,0.301705196345976,0.463553801879095,0.603410392691951,0.161676646706587,"end",72,61,13,"end",8,72,13,0.7488771328485
0.61781487076406,0.14835499335176,0.382185129235941,0.553015831456976,0.764370258471881,0.205673758865248,"end",90,61,13,"end",21,66,13,0.780418990985719
0.548289677903144,0.199201989876247,0.451710322096856,0.622314679755674,0.903420644193711,0.238805970149254,"end",90,61,13,"end",22,66,13,0.683470202763266
0.633882053267758,0.144023445666281,0.366117946732242,0.535997565375665,0.732235893464485,0.222222222222222,"end",90,61,13,"end",3,72,13,0.763163910512839
0.692362325348825,0.118957619375556,0.307637674651175,0.470524336541834,0.615275349302351,0.210526315789474,"end",90,61,13,"end",8,72,13,0.800155607761902
0.740989603041606,0.134834577453239,0.259010396958394,0.41145076733938,0.518020793916788,0.165467625899281,"end",21,66,13,"end",22,66,13,0.78484061666273
0.812300242091317,0.0791647579414163,0.187699757908683,0.316072739189889,0.375399515817366,0.12751677852349,"end",21,66,13,"end",3,72,13,0.833555188031257
0.78656212613612,0.0857743431218534,0.21343787386388,0.351790361024816,0.42687574772776,0.133757961783439,"end",21,66,13,"end",8,72,13,0.842108147292673
0.778430395406062,0.106714521812259,0.221569604593938,0.362762144311196,0.443139209187877,0.140845070422535,"end",22,66,13,"end",3,72,13,0.843268471153119
0.642674311639829,0.175664810432189,0.357325688360171,0.526514294136535,0.714651376720343,0.16,"end",22,66,13,"end",8,72,13,0.692842446553994
0.759274058091335,0.0965831690415434,0.240725941908665,0.388040474979261,0.481451883817329,0.1375,"end",3,72,13,"end",8,72,13,0.801604595669194
